HD 14633,8.73,140.7778643,-18.20050941,ON8.5V,C,1482.359917,-38.17,2011ApJS..193...24S
HD 288891,10.68,209.2518456,-1.88054958,B,C,1748.251748,-2,
LS I +59 69,10.7,127.318331,-2.540372201,B,C,3201.024328,-27.8409,
HD 14443,7.6934,135.0115785,-3.587292584,BC2Ib,C,2421.307506,-45.7,1971ApJ...164L..67W
HD 104565,9.27,296.5075789,4.016675539,OC9.7Iab,C,5104.645227,-22,2014ApJS..211...10S
HD 110360,9.58,301.8008678,2.199065544,ON7V,C,2146.844139,-19,2016ApJS..224....4M
HD 123008,9.5,311.0154325,-2.797913082,ON9.2Iab,C,3401.360544,-12,2014ApJS..211...10S
HD 154811,6.98,341.0616166,-4.219086208,OC9.7Ib,C,1258.811682,-23,2014ApJS..211...10S
* kap Cas,4.16,120.8361508,0.135086792,BC0.7Ia,C,939.4964299,0.3,2024A&A...690A.176N
CD-53 6479,9.04,329.7433029,-2.168914585,BN2.5III,C,1974.723539,-44.8,2017MNRAS.469.1330A
HD 93840,7.79,282.1405923,11.09720468,BN1Ib,C,2774.694784,2.9,2024A&A...687L...7W
SK -68 26,11.85,279.1400074,-35.16550335,BC2Ia,C,12500,344,1991PASP..103.1123F
SK -69 268,12.242,280.0725165,-31.41061343,BC1.5Iab,C,153846.1538,249.8,2009AJ....138..510F
HD 12323,8.92,132.9052886,-5.865626124,ON9.2V,C,2516.98968,-41.5,2014ApJS..211...10S
HD 191781,9.53,81.18425081,6.607085179,ON9.7Iab,C,2943.773918,-8,2011ApJS..193...24S
HD 201345,7.764,78.43630294,-9.54436537,ON9.2IV,C,1918.28122,14,2014ApJS..211...10S
HD 152249,6.45,343.4487443,1.164849092,OC9Iab,C,1547.26907,-22.2,2014ApJS..211...10S
HD 152424,6.27,343.3618271,0.888351153,OC9.2Ia,C,1624.69537,-24,2014ApJS..211...10S
HD 194280,8.42,77.20070459,0.922515286,OC9.7Iab,C,1742.463844,-18,1971ApJ...164L..67W
BD-16 1943,10.09,231.2161042,-0.338980129,B,D,606.7224851,47.82,
HD 314837,11.09,3.84595133,-0.661257766,B,D,452.4068042,-49.25,
TYC 5979-2092-1,11.73,231.3485368,1.743409771,B,D,1056.859015,85.6,
Case A-F 419,15.19,198.2047626,44.95801075,B,D,8880.994671,106.4,
HD 313420,10.42,6.957707376,1.543945946,B,D,138.0300353,-55.36,
BD-17 4623,9.97,1.337198766,18.1575343,B,D,2673.796791,84.73,
BD-15 4850,10.97,14.55379603,1.538489237,B,D,1697.216565,-4.86901,
BD-14 4941,10.19,15.65260079,1.404105622,B,D,1509.661836,-5.20584,
BD-14 4932,10.38,15.38855033,1.550147915,B,D,2237.637055,-12.6057,
CHSS 609,14.79,197.5899752,43.50671858,B,D,1572.821642,289.5,
LS IV -15 59,11.31,27.13704789,-23.02503216,B,D,312.9302791,21.7,
TYC 7166-1121-1,10.71,264.2324036,10.65837177,B,D,1063.15118,28.243999,
CHSS 812,15.76,201.365626,70.54095392,B,D,44052.86344,57.5,
Case A-F 641,16,201.6012243,60.71934438,B,D,18416.20626,17.1,
TYC 7166-294-1,11.01,265.0075286,10.39010537,B,D,499.4506043,21.95,
TYC 7165-1294-1,10.74,263.4930503,10.14495022,B,D,635.4855109,-0.838117,
TYC 7166-2976-1,10.54,264.8899627,10.55708896,B,D,252.2767981,14.07,
TYC 7166-2036-1,11.14,263.6405513,10.73542087,B,D,726.3219059,22.606055,
GSC 07166-00765,10.686,263.7390934,10.59674093,B,D,337.5755325,42.168565,
TYC 7166-1331-1,11.65,263.947536,10.13533116,B,D,718.1328546,0.483957,
TYC 7166-1009-1,10.94,264.0263928,10.88523231,B,D,341.810227,4.773,
TYC 7166-287-1,11.09,263.8907345,9.855411701,B,D,416.4064127,0.296668,
NGC 2527 196,11.9,246.1700435,1.908245255,B,D,647.7942605,42.21,
V* HN Aqr,11.426,41.17289416,-58.15189038,B,D,7923.930269,63,2003AJ....125.2531R
BD-15 4863,10.21,14.4973129,1.205532194,B,D,1892.505678,-687.242981,
BD-12 5080,10.24,19.35258821,-1.239780566,B,D,2326.122354,26.561399,
LS IV -12 56,11.24,19.14370642,-0.179658235,B,D,1332.267519,-1.29934,
LS IV -12 86,11.45,20.1922462,-1.684572629,B,D,2093.802345,39.945702,
NGC 6611 388,13.7,16.96199137,0.765730917,B,D,1970.055162,104.37,
LS IV -12 90,11.62,20.36383983,-1.811592702,B,D,1890.359168,13.6433,
BD-10 4665,11.29,20.6090046,2.078973132,B,D,2390.057361,52.515202,
LS IV -13 38,11.84,17.2625016,-0.047130846,B,D,1786.352269,-12.0651,
LS IV -14 79,10.9,17.26618967,-1.782801611,B,D,2154.708037,32.826401,
LS IV -14 17,11.38,15.73434114,1.220973273,B,D,1675.041876,2.53288,
LS IV -13 94,11.69,30.6220582,-26.61168744,B,D,603.3910577,18.27,
LS IV -13 93,11.27,30.19522104,-23.79491002,B,D,375.6715128,44.89,
LS IV -13 91,11.72,24.29657841,-13.17750505,B,D,15822.78481,-126.389999,
BD+30 977,9.82,178.2966353,0.11859076,B,D,1830.496064,9.68,
BD+34 1156,9.36,175.2092446,2.640995556,B,D,1725.030188,-5,
LS V +34 43,10.68,173.7287767,0.012727445,B,D,2066.542674,17.3915,
LS V +34 24,11.24,173.3834534,-0.292516922,B,D,2020.610224,-0.122914912,
BD-10 1144B,10.533,212.091979,-25.60725727,B,D,335.0195986,15.83,
V* V1299 Ori,10.98,205.8668206,-17.08494219,B,D,1173.158142,63.64,
LS V +32 17,11.84,179.2595263,5.599993028,B,D,821.4227041,-28.25,
HD 249683,10.31,183.6888995,1.096347837,B,D,5350.454789,59.33,
HD 248878,9.8,183.3319461,0.207372096,B,D,297.9293907,-22,
HD 249498,9.91,182.2308524,1.728627111,B,D,1190.47619,4,
HD 248666,9.85,182.4780829,0.453794416,B,D,1616.553508,-7.25,
HD 248290,9.43,181.7311607,0.432369504,B,D,1258.970162,20,
HD 248411,8.95,181.2890431,0.834752527,B,D,633.1919205,-2,
LS V +33 3,11.86,167.7417729,-8.683140751,B,D,270.0440172,15.8,
HD 276434,10.83,161.0712688,-5.19386343,B,D,1555.451859,-1.48154,
LS V +41 6,12.24,160.4510428,-4.987629649,B,D,476.0997905,-23.64,
LS V +27 1,11.81,173.2339199,-11.74066742,B,D,275.2243078,-19.96,
LS V +40 4,12.27,157.2553134,-9.590767036,B,D,448.1089801,4.64,
HD 233799,9.05,158.627063,59.21855813,B,D,677.920141,23.72,
HD 233953,10.14,129.4387789,67.57238125,B,D,238.6463976,-19.87,
BD+44 1148,10.49,163.4448476,3.804099709,B,D,1037.99045,20.1280649,
LS V +49 20,11.7,159.2006352,5.963378521,B,D,736.1601885,8.08,
LS V +51 22,10.85,156.8399502,6.025622473,B,D,233.5302772,20.26,
LS V +45 21,9.24,161.901067,3.60556939,B,D,1613.163413,-26.95,
HD 285097,10.9,181.7725063,-14.56548641,B,D,182.1958241,17.3245,
HD 280321,10.85,169.1198748,-4.387794371,B,D,1740.644038,-0.844845,
LS V +33 4,12.4,169.7993489,-6.378957883,B,D,462.7701421,13.3,
LS V +30 32,11.41,180.3144885,4.604002324,B,D,3668.378577,51.0611,
Cl VDB 1 42,13.95,208.5592706,-1.737371248,B,D,1993.223042,-24.49004566,
Cl VDB 1 41,13.73,208.559515,-1.733689704,B,D,1760.56338,54.63417562,
BD+01 1441,10.39,210.2638171,-2.30287742,B,D,4752.851711,173.95,
HD 259896,10.37,206.449753,-1.476015407,B,D,1458.363716,27.66484884,
LS VI +13 14,10.66,199.0614641,2.371292353,B,D,5073.566717,145.27,
LS V +21 39,12.17,191.8136724,6.340984577,B,D,421.9765381,-29.52,
BD+01 1375,10.64,209.7165542,-4.14100889,B,D,1945.903872,149.17,
GSC 00141-01999,12.4,206.7866053,-3.351810739,B,D,935.8038555,3.91,
Cl* Dolidze 25 MV 12,10.81,211.9322076,-1.389443094,B,D,4033.884631,99,
HD 295998,10.48,217.8778989,-0.377948753,B,D,1942.501943,67.9,
HD 296528,9.96,219.3842708,1.120004216,B,D,2627.430373,69,
LS VI -04 11,11.33,217.3804913,-0.51920429,B,D,2644.103649,83.2,
LS VI -06 4,11.2,218.5599284,-3.552640698,B,D,2353.49494,76.232201,
HD 295866,10.32,217.1922897,-0.832571855,B,D,2115.059222,46.1,
BD+03 1389,9.87,209.152967,0.315824041,B,D,2591.344908,67.79,
LS V +22 58,12.19,192.5075473,10.09278389,B,D,1256.281407,22.75,
LS V +23 75,11.92,191.6129327,10.33755961,B,D,763.3587786,15.36,
LS V +35 31,12.12,177.7542953,8.384967774,B,D,488.4959211,-13.71,
LS V +20 13,11.91,189.6898591,0.084379987,B,D,527.7044855,-11.87,
BD+20 1215,9.49,188.8419261,-1.22974874,B,D,1246.727341,21.6,
LS V +24 9,11.6,186.3840411,1.255595346,B,D,2164.502165,18.94088732,
LS VI +11 11,10.88,200.8523813,0.550900035,B,D,1863.238308,142.6,
HD 256351,10.21,200.3591032,-1.335315162,B,D,1873.711823,40.3,
LS V +19 6,12.06,192.7314153,4.35023326,B,D,3204.10125,22.29,
BD+35 4126,10.13,75.35239264,-1.425667113,B,D,1860.811314,94.08,
HD 303080,10.7,286.1943178,-0.208513207,B,D,846.5966813,-58.24,
HD 229181,10.18,75.68661262,-0.102351421,B,D,307.7396523,-44.45,
LS II +37 94,11.53,76.29523367,-0.605227906,B,D,360.7503608,-20.1,
Cl* NGC 3293 BVC 93,12.63,285.9078078,0.061660449,B,D,2644.103649,-26.4,2009ApJ...700.1216M
NGC 3766 233,12.433,294.1627612,-0.073879416,B,D,2055.498458,-22.31,2009ApJ...700.1216M
Cl* NGC 3766 MG 162,12.621,294.1686954,-0.062276944,B,D,2261.420172,-19.582,2009ApJ...700.1216M
Cl* NGC 3766 MG 155,12.388,294.187765,-0.046321791,B,D,2345.21576,-17.071,2009ApJ...700.1216M
NGC 3766 54,11.377,294.1368082,-0.044202825,B,D,2226.179875,-30.74,2009ApJ...700.1216M
Cl* NGC 3766 MG 129,12.364,294.0595927,-0.065794881,B,D,2033.346889,-5.986,2009ApJ...700.1216M
NGC 3766 13,12.68,294.1193821,0.021356648,B,D,2386.634845,-13.93,2009ApJ...700.1216M
CPD-60 3131,11.3,294.1068236,-0.010429051,B,D,2191.540653,-14.14,2009ApJ...700.1216M
CPD-60 3167,11.467,294.1570093,0.018418132,B,D,2101.281782,-5.51,2009ApJ...700.1216M
Cl* NGC 3293 ESL 52,11.77,285.780099,0.113152457,B,D,2002.803925,-5.65,2009ApJ...700.1216M
CPD-60 3164,11.385,294.1521589,0.020516674,B,D,2300.437083,-15.01,2009ApJ...700.1216M
CPD-60 3135,11.07,294.118517,-0.023605018,B,D,13850.41551,-26.68,2009ApJ...700.1216M
CPD-60 3091,10.511,294.0569915,-0.056026523,B,D,2038.735984,-14.13,2009ApJ...700.1216M
TYC 8958-63-1,12.19,290.9439283,-1.397141302,B,D,2172.024327,-52,
TYC 8958-1269-1,11.62,290.5537158,-0.954307025,B,D,2124.04418,-24,
HD 306182,11.9,291.0206544,-0.19097994,B,D,562.4929688,-13.35,
Cl Loden 306 23,11.16,290.5929503,-0.863264755,B,D,681.756204,15,
CPD-60 3163,10.959,294.1461873,0.036002339,B,D,2020.20202,-17.37,2009ApJ...700.1216M
LS II +37 32,10.66,75.42968658,1.471965393,B,D,2449.179525,-25,
LS II +33 3,10.44,67.69431366,6.11899701,B,D,308.5753078,-25.16,
LS II +32 25,11.12,73.17351602,-3.864039824,B,D,376.5485559,-18.67,
LS II +39 14,11.76,76.39706405,2.786327104,B,D,296.8239834,18.47,
EM* AS 383,11.27,72.28785878,0.869578396,B,D,1927.153594,-3.3,
HD 227733,10.38,72.66616143,1.819178753,B,D,3211.303789,-6,
LS II +37 2,11.86,72.27546167,6.845293686,B,D,936.0666479,-17.66,
BD+31 4191,11.03,73.77111846,-6.48053832,B,D,412.9160129,0.54,
NGC 3766 253,12.145,294.0991237,-0.130456204,B,D,2191.060473,-18.88,2009ApJ...700.1216M
NGC 3766 213,11.89,294.2000611,-0.069437814,B,D,2257.336343,-16.3,2009ApJ...700.1216M
CPD-60 3088,10.62,294.0348269,-0.013036809,B,D,1988.862371,-19.14,2009ApJ...700.1216M
CPD-60 3180,10.894,294.204894,-0.010087553,B,D,10111.22346,-15.02,2009ApJ...700.1216M
LS II +27 32,11.44,68.40283567,-6.323683606,B,D,1447.806573,-114.55,
HD 330657,10.35,334.3151258,0.444225739,B,D,814.3322476,-7.25,
Cl Lynga 6 8,12.45,330.3581333,0.294042769,B,D,2352.941176,-51.07,
LS II +30 35,11.53,73.32262428,-8.44585611,B,D,362.3844899,-9.77,
LS IV -11 27,10.83,20.55332775,-1.372493927,B,D,2279.462047,25.7721,
LS IV -00 18,11.5,38.22319686,-11.74876899,B,D,132.1580081,-10.435,
BD-02 4806,10.91,31.73762072,-2.558382812,B,D,1834.525775,79.48,
LS IV -02 12,11.81,29.48902612,1.087487821,B,D,2977.076511,25.9398,
BD-00 3227,10.5,19.32549871,22.48407205,B,D,2339.181287,-26.21,
BD-05 4866,10.21,29.84093174,-5.474887075,B,D,1849.454411,-11.3053,
LS IV -04 31,11.77,29.79537073,-3.358278825,B,D,1631.587535,-672.905029,
LS IV -04 30,12.39,29.52918232,-3.328780961,B,D,185.380865,62.36,
LS IV -03 16,12.19,30.26846918,-2.646905144,B,D,1541.7823,-20.759701,
BD+01 3983,11.39,38.32938433,-6.1927138,B,D,4293.688278,44.354,
LS IV -03 14,10.96,29.94000278,-2.526947864,B,D,3103.662322,41.876202,
LS IV -06 41,11.38,27.18996797,-3.611699755,B,D,3018.412315,130.020996,
LS V +45 20,10.54,161.5585083,2.405608575,B,D,2940.311673,117.07,
LS IV -05 37,11.92,30.63099206,-8.258602726,B,D,10845.98698,162.832001,
BD-02 4698,10.52,29.2811833,0.99489084,B,D,1320.655045,-7.52542,
BD-05 4510,10.52,21.24432401,10.83062763,B,D,970.8737864,-10.95,
LS IV -04 36,11.25,42.73030838,-27.78667832,B,D,493.510339,-32.23,
LS II +24 7,11.9,59.79889993,1.479358094,B,D,234.4116268,-116.35,
LS II +24 2,11.95,54.58889605,13.0070316,B,D,564.8121999,-33.91,
LS II +29 4,10.57,62.31646949,7.042024737,B,D,1617.337862,46.6,
TYC 2158-1284-1,11.25,64.17922776,-4.359594979,B,D,2090.738031,-362.3,
LS II +26 10,11.48,63.66382228,-0.349730894,B,D,2409.058058,111.28,
TYC 2147-1309-1,11.04,63.50709143,1.796340569,B,D,456.3084645,-31.62,
LS IV +05 7,11.62,37.28667553,3.98028465,B,D,534.3593032,-22.05,
BD+06 4460,11.18,48.41485077,-14.26793747,B,D,832.9862557,-40.79,
BD+04 3984,10.61,38.64567323,-1.810036248,B,D,2008.838891,88.7,
LS II +10 1,10.92,41.89835932,6.658997453,B,D,132.2978819,-5.56,
LS II +18 1,11.77,49.25580298,8.564004918,B,D,553.8018497,-10.15,
LS II +13 13,12.9,52.08358212,-6.51644898,B,D,993.9369844,-18.7,
LS II +13 5,11.93,48.63942316,-0.7701843,B,D,366.0724091,-135.1,
LS II +14 2,11.08,45.23387975,7.10134278,B,D,4807.692308,33.222099,
LS II +12 4,12.5,45.67311626,2.416280703,B,D,224.0846144,-25.23,
TYC 1055-4134-1,11.43,45.12269466,-3.730702596,B,D,540.1901469,-58.96,
BD+09 3894,10.7,41.91889468,4.670746001,B,D,3617.945007,63.20677,
LS II +10 2,11.33,42.03588495,6.478396268,B,D,414.9721969,-15.15,
LS I +60 84,11.26,117.4483684,-1.345564508,B,D,4262.574595,-78.22,
LS III +61 27,11.419,112.3913951,0.514908508,B,D,3386.386725,-50.31,
LS V +55 8,10.78,137.5968832,-4.567709647,B,D,1530.221882,-77.210197,
BD+56 477,9.331,134.4370782,-3.97783151,B,D,2724.79564,-63.314499,
BD+56 472,9.1828,134.4442349,-4.078738178,B,D,2241.649854,-60.705799,
BD+46 2986,9.11,85.37617711,4.139426493,B,D,2939.447384,-3.1,
BD+49 3387,10.69,88.77846155,3.747997737,B,D,1236.093943,-3.04063,
EM* AS 446,10.32,88.21079257,3.062595773,B,D,3012.048193,-20.07,
BD+57 2472,9.7,102.9715943,1.65503067,B,D,4038.772213,71.83,
LS III +56 38,11.03,103.219792,0.036023014,B,D,3460.207612,38.63,
Cl Trumpler 37 470,12.36,99.30916711,3.704267905,B,D,939.4964299,2.23,
EM* VES 668,11.57,131.4407001,-0.688456724,B,D,3700.96225,86.73,
EM* GGA 96,14.13,129.871067,-2.89981673,B,D,2707.092583,-90.54,
EM* GGA 112,12.38,130.1349714,-2.253182888,B,D,529.4647112,-14.75,
EM* GGA 21,11.72,125.3953731,-0.025585602,B,D,3216.468318,65.38,
EM* VES 748,12,135.9766572,-3.042207351,B,D,2538.071066,551.929993,
BD+57 563,10.04,135.184202,-2.899941663,B,D,692.13732,25.148899,1978A&AS...32...25R
GSC 03699-00274,11.9,135.115693,-1.711480048,B,D,213.278734,6.41,
EM* GGA 164,12.63,134.7194702,-2.249858355,B,D,3536.067893,-485.315002,
EM* GGA 167,12.54,134.9751526,-2.519404727,B,D,2248.706993,-52.918098,
EM* GGA 170,11.95,135.5562036,-3.175700627,B,D,2428.363283,549.346985,
EM* GGA 178,13.51,136.1088345,-3.051923291,B,D,2527.805865,-796.103027,
EM* GGA 179,12.16,135.9897246,-1.952063959,B,D,2514.458134,-35.994999,
LS V +56 34,10.6961,135.0346753,-3.825601832,B,D,3257.32899,-22.2416,
LS V +56 33,10.794,135.0125908,-3.849175779,B,D,2344.665885,-0.4,
EM* MWC 449,10.7,135.2855035,-3.263341959,B,D,2504.38267,437.247986,
LS V +57 51,11.22,136.3759476,-2.742380785,B,D,2461.841457,-34.1903,
LS V +58 7,10.69,134.1554931,-2.04169614,B,D,2319.647414,-42.469898,
LS V +58 4,11.03,134.1095504,-2.542777715,B,D,2695.41779,-21.788401,
EM* GGA 157,11.97,134.399439,-2.552794543,B,D,2369.668246,335.856995,
LS V +56 41,11.18,135.3824617,-3.793622643,B,D,2654.632333,-39,
LS V +57 30,11.2,135.2512417,-3.099119513,B,D,2186.748305,-45.048801,
EM* VES 744,11.12,135.1644142,-2.715372417,B,D,2171.55266,-370.273987,
EM* GGA 176,11.61,135.8941821,-2.829682622,B,D,8424.599832,-59.2733,
LS V +57 47,10.49,136.1566335,-2.311839646,B,D,2324.500232,-15.0246,
BD+56 488,10.1,134.4566955,-3.558350161,B,D,1011.838511,-56.341499,
LS I +64 5,12.12,117.1429949,2.308712014,B,D,2637.130802,-28.605301,
LS I +63 40,10.8,118.0301895,1.76801367,B,D,2998.50075,0.400351,
BD+62 36,9.82,119.0458624,0.881314812,B,D,758.4376185,-57.73,
LS III +44 23,12.45,85.23752389,0.42736181,B,D,384.6153846,-9.75,
BD+52 3224,10.42,102.7021714,-3.715132042,B,D,3528.58151,-73.086197,
LS III +48 44,13.04,94.74661885,-3.412979588,B,D,387.3716831,-156.41,
V* V381 Cas,10.22,119.8217399,-13.43193472,B,D,2918.855809,-114.100998,
LS III +43 28,11.49,92.40206676,-7.932598631,B,D,380.6623525,-80.07,
LS III +49 44,11.76,99.97214558,-5.901942353,B,D,2525.890376,-41.7,
LS V +45 18,11.03,161.6999729,2.045345454,B,D,21141.64905,81.72,
GSC 03633-01257,12.2,103.0176884,-6.990180486,B,D,441.0532351,-32.07,
BD+40 4112,9.67,78.36746372,2.787212315,B,D,1804.402743,103.23,
TYC 3990-1425-1,10.81,103.8680558,-0.654955148,B,D,12254.90196,-32.1805,
BD+44 709,10.1,149.8161571,-9.391364318,B,D,1317.349493,-24.36,
EM* VES 257,11.33,84.00722838,4.966986367,B,D,2870.264064,-8.9,
LS III +56 121,12.04,108.7908319,-3.55356281,B,D,538.2131324,-42.88,
BD+47 3210,10.13,87.81665432,2.321770569,B,D,271.2011499,-21.32,
LS III +47 17,10.41,87.07072392,1.715528034,B,D,3581.661891,-27.94,
LS III +45 13,12.23,84.09223108,2.213232614,B,D,524.9619403,-2.87,
LS III +52 10,10.87,97.79037012,-0.604915203,B,D,2689.618074,42.83,
LS III +54 23,10.16,101.7151366,-1.15439478,B,D,4096.681688,-56.81,
LS III +51 16,12.64,94.4309192,0.244642513,B,D,1634.788295,-7.82531,
LS III +50 20,11.57,93.72969487,-0.790890746,B,D,578.0012716,0.33,
LS III +50 21,12.23,93.76307191,-0.918262409,B,D,637.3892536,3.62,
LS III +52 8,10.93,96.66278589,-0.183352369,B,D,6297.229219,32.99,
LS V +54 5,10.88,139.1034382,-4.696464181,B,D,2546.473135,-48.9893,
TYC 3712-57-1,10.48,136.4465894,0.005812203,B,D,1018.53738,-31.95,
LS I +60 225,10.81,133.0026485,-0.03387464,B,D,2308.935581,38.24,
EM* MWC 56,11.65,135.9003966,1.228053178,B,D,2985.074627,-58,
LS I +60 233,11.55,134.3674889,-0.237644229,B,D,2220.248668,-41.037201,
BD+60 486,9.88,134.6690704,0.039485252,B,D,681.9421713,-13.4195,1978A&AS...32...25R
BD+60 545,10.17,135.9688857,0.713122139,B,D,2331.545815,24.8832,
LS I +68 7,11.71,121.2079976,5.860055624,B,D,1895.016108,-109.792999,
BD+49 1004,9.89,148.9923627,-3.994662529,B,D,817.7283506,29.6481,
TYC 3714-944-1,9.5,140.056601,0.261814331,B,D,857.2653236,-48.726299,1978A&AS...32...25R
BD+57 698,9.69,140.3229217,0.030573214,B,D,517.5983437,-33.604599,1978A&AS...32...25R
BD+56 793,10.22,141.2133963,-0.498465334,B,D,773.7542556,0.079907,1978A&AS...32...25R
BD+53 689,9.92,145.9054502,-1.16140733,B,D,551.5111405,-28.694599,1978A&AS...32...25R
LS I +62 210,11.08,133.545906,1.330194168,B,D,2331.002331,-14.6331,
LS III +66 9,11.73,112.0918583,5.951266182,B,D,481.602774,-13.48,
BD+48 1191,9.57,158.4908702,3.964444196,B,D,1010.203051,-28.447901,
BD+58 2236,9.21,97.74154908,7.209880842,B,D,964.4131546,-20,
BD+62 276,9.44,127.9285532,0.962936941,B,D,406.8182743,3.7,
BD+63 226,10.07,128.5455407,1.762400793,B,D,2850.627138,-53.4,
EM* GGA 31,12.94,125.9278902,1.648245119,B,D,704.1261794,-13.24,
LS V +51 15,10.97,151.2831483,0.318167232,B,D,1759.943682,-11.8737,
BD+52 804,10.01,151.5460381,1.415656726,B,D,1007.75975,-4.18,1978A&AS...32...25R
BD+50 960,10.3,152.2778871,0.291208623,B,D,975.9906305,-4.961565333,1978A&AS...32...25R
BD+47 1000,10.71,156.2058833,-0.169885672,B,D,1741.553466,106.83,
LS V +47 16,11.11,157.5706858,0.720348918,B,D,989.3153937,17.4561,
LS V +46 19,11.18,157.2848526,-0.29734477,B,D,1062.586335,4.27782,
LS V +45 11,10.93,158.4469194,-0.50063817,B,D,179.3561116,-13.92,
LS V +46 23,10.62,159.7385513,2.115291057,B,D,4759.638267,89.93,
Cl Bochum 15 18,12.14,247.8454549,-6.199970423,O,D,559.565777,48.88,
PN H 2-1,13.25,350.908835,4.402173672,O,D,1729.505361,-25,
Cl Bochum 15 25,11.85,247.9521665,-5.614377777,O,D,3685.956506,127.2,
TYC 4063-949-1,10.88,143.748818,5.787664418,B,D,117.2786658,-1.57,
BD+55 887,10.21,150.7433601,4.782068062,B,D,4688.232536,51.46,
GSC 08959-00166,11.284,291.0929374,-0.561269018,O,D,1267.266506,30,
LS I +60 285,11.86,137.9923075,1.26092787,B,D,625.7822278,18.02,
LS I +60 297,10.9,138.1272846,1.561997021,B,D,1975.894092,-2.43912,
BD+62 396,10.79,133.667164,1.796967609,B,D,883.3922261,-37.7696,1978A&AS...32...25R
LS I +65 18,12.43,130.9262111,4.612523595,B,D,2683.123155,-175.826996,
EM* MWC 453,11.18,136.0730205,1.686042742,B,D,3149.606299,-487.536011,
[MR72] 25,12.597,279.9907694,-33.52980129,O,D,529.4647112,34.872002,
LS V +49 12,10.77,153.6157553,-0.476935894,B,D,3118.178983,67.73,
LS III +69 1,11.57,109.6620015,10.68941734,B,D,901.5506671,-11.04,
BD+51 855,10.11,150.4344604,0.150962921,B,D,916.5062781,-6.42621,1978A&AS...32...25R
TYC 3711-198-1,10.34,142.5222043,0.786909585,B,D,819.000819,4.74594,1978A&AS...32...25R
TYC 3718-792-1,10.53,149.3336573,0.374126181,B,D,751.3712525,-28.780001,1978A&AS...32...25R
BD+52 660,10.44,142.9695658,-4.812003776,B,D,1696.640652,-19.914,
HD 215806,9.23,107.1367777,-0.69731795,O,E,2640.612622,-61.8,2020ApJS..251...29C
TYC 4285-2764-1,12.08,116.3385088,0.147411391,B,E,1604.36387,14,1977yCat.3038....0B
KUV 21017+7158,12.14,107.311035,16.69794809,B,E,297.9382672,-133.99,1987AJ.....94.1271W
PG 0101+154,15.67,127.5621097,-47.0566357,B,E,16077.17042,-29,1986ApJS...61..305G
CPD-54 3601,11.69,283.1849017,1.60058004,B,E,539.083558,0.66,1976A&AS...23..283L
SSTISAGE1C J053736.75-690633.4,15.24,279.488133,-31.76772805,B,E,64516.12903,284,2013A&A...550A.109D
[BGK2006] HV 16,19.49,285.8598859,67.38040861,B,E,1952.743605,434.1,2009ApJ...690.1639B
[BGK2006] HV 14,19.89,241.7822977,53.20209738,B,E,3286.230693,537.6,2009ApJ...690.1639B
[BGK2006] HV 13,20.16,251.6475923,50.6408186,B,E,1219.958521,578.7,2009ApJ...690.1639B
2MASS J10443341-5933189,16.265,287.4803176,-0.545023845,B,E,3181.67356,-24.04068,2017A&A...603A..81D
UCAC4 392-086595,11.821,19.84158504,0.04952744,B,E,9267.840593,42.59,2020ApJS..251...29C
UCAC4 468-087588,13.909,37.27925989,-0.776635331,B,E,4522.840344,51.79,2020ApJS..251...29C
Ton 638,15.58,144.8292466,85.89843873,B,E,10515.24711,53.3,2007MNRAS.375.1381K
CPD-65 2645,11.43,311.2247335,-4.107529726,O,E,3310.162198,54.89,1977A&A....55..445F
2MASS J10451717-5947013,17.504,287.6683703,-0.704030831,B,E,3390.979993,0.61892,2017A&A...603A..81D
2MASS J10430716-5931209,15.056,287.3041043,-0.601728322,B,E,2630.886609,295,2017A&A...603A..81D
2MASS J10432086-5929595,14.427,287.318945,-0.568128143,B,E,2724.79564,-5.62614,2017A&A...603A..81D
2MASS J10435250-5942503,16.469,287.478633,-0.72559551,B,E,6761.32522,50.38196,2017A&A...603A..81D
2MASS J10444848-5947493,16.203,287.6214034,-0.743864219,B,E,9842.519685,139.32066,2017A&A...603A..81D
2MASS J10451809-5938223,16.272,287.6029318,-0.575498157,B,E,4420.86649,39.63214,2017A&A...603A..81D
2MASS J10440976-5944480,15.198,287.5260033,-0.737370631,B,E,2544.529262,-13.78495,2017A&A...603A..81D
[EBU2007] 46,19.98,262.0597953,23.05055269,B,E,4752.851711,394,2007ApJ...659.1198E
[EBU2007] 51,20.05,262.0572567,23.04660878,B,E,1689.474573,351,2007ApJ...659.1198E
Hen 2-434,12.78,320.334102,-28.88832593,O,E,6993.006993,19524,2011A&A...531A.172W
VFTS 263,16.8,279.4284693,-31.72018418,B,E,73529.41176,270.1,2013A&A...550A.109D
CPD-60 3174,10.977,294.1832964,-0.008024524,B,E,2035.416243,-18.09,2009ApJ...700.1216M
GALEX J084024.0+113911,13.03,214.5534582,29.41156243,B,E,5434.782609,42.49,2012MNRAS.427.2180N
[S87b] IRS 42,15.084,287.7047774,-0.685071282,O,E,2871.088142,332.8553,2017A&A...603A..81D
BPS BS 16929-0063,12.23,92.72551202,77.40802116,B,E,2553.626149,95,2007MNRAS.375.1381K
KUV 11337+3946,12.967,169.7582604,70.1063905,B,E,3913.894325,131,1990AJ.....99..330W
LB 10238,13.71,203.4190781,72.28765077,B,E,1774.622893,15,1986AJ.....91..139W
Case A-F 515,15,186.0713672,53.02562745,B,E,10405.82726,-127,2007ApJ...660..311B
Ton 1152,16.3,191.3311032,53.61406726,B,E,4526.935265,-33,1990AJ....100.1274W
KUV 10076+3215,16.3,195.0878822,54.86768583,B,E,78740.15748,-56.9,1990AJ....100.1274W
Case A-F 606,17,189.2778339,58.87571754,B,E,5707.762557,38,2007ApJ...660..311B
GEN +2.41470104,17.48,252.8923374,77.23025934,B,E,45454.54545,0.00055,2012ApJ...751...55B
PG 1157+039,14.3,273.1433607,63.59130004,B,E,5841.121495,65.8,1986ApJS...61..305G
Case A-F 29,14.85,172.0704038,79.42027982,B,E,6459.94832,-62,2007MNRAS.375.1381K
Case A-F 38,15.63,178.9288533,80.69007953,B,E,23255.81395,-88.4,2007MNRAS.375.1381K
Case A-F 11,15.85,184.4888597,79.1106257,B,E,9407.337723,-96.7,2007MNRAS.375.1381K
CRTS J121535.3+323537,14.98,175.6449239,80.50464107,B,E,6626.905235,95,2007MNRAS.375.1381K
PG 1209+263,14.59,218.0491712,81.1611628,B,E,8467.400508,52,1986ApJS...61..305G
Case A-F 39,16.65,190.3339707,81.48719958,B,E,9074.410163,118.3,2007MNRAS.375.1381K
[BGK2006] HV 15,19.33,266.5102115,55.91943878,B,E,2014.098691,0.00155,2009ApJ...690.1639B
Case A-F 3,16.22,184.9420289,78.46108305,B,E,19342.35977,-72.56615,2007MNRAS.375.1381K
Ton 604,16.52,187.9023217,80.22581446,B,E,9960.159363,-46.3,2007MNRAS.375.1381K
2dFGRS TGN240Z273,14.8,271.6439644,56.41880469,B,E,8285.004143,-32,2007ApJ...660..311B
2MASS J11524759-0034070,14.9,273.574671,58.91940559,B,E,8278.145695,106,2007ApJ...660..311B
HE 0017-0517,17.4,102.9878107,-66.67462121,B,E,7220.216606,-143.8,2012ApJ...751...55B
SDSS J223436.89+002224.6,18.2,67.19210335,-47.1429884,B,E,65359.47712,-174.4,2006ApJ...647..303B
[BGK2006] HV 1,19.84,227.3353816,31.33199831,B,E,5243.83849,831.2,2007ApJ...671.1708B
Case A-F 423,17,185.5578161,46.35379946,B,E,13245.03311,71.6,2006ApJ...647..303B
CHSS 644,16.27,198.1891196,45.71969708,B,E,5847.953216,90.6,2007ApJ...660..311B
HE 0919+0054,16.2,231.6925218,33.40450297,B,E,12376.23762,66,2007ApJ...660..311B
KUV 09385+3926,16.6,183.3868229,48.98386007,B,E,8271.298594,-247.2,1987AJ.....94.1271W
Case A-F 755,15.46,152.9965097,78.75471877,B,E,13661.20219,-78.9,2007MNRAS.375.1381K
HE 1335-0144,15.8,325.9512216,58.77170854,B,E,10515.24711,219,2007ApJ...671.1708B
Ton 1583,13.74,82.33954846,80.74962352,B,E,3949.447077,92,2007MNRAS.375.1381K
Case A-F 916,14,76.3120557,80.56222174,B,E,9910.802775,-132,2007MNRAS.375.1381K
Ton 710,14.12,54.59288213,82.15733857,B,E,4484.304933,-24,2007MNRAS.375.1381K
Case A-F 909,15.22,66.99814741,82.07101522,B,E,14619.88304,-126,2007MNRAS.375.1381K
2MASS J13284596+0151139,15.6,323.9904068,63.18909118,B,E,5549.389567,182,2007ApJ...660..311B
US 589,16.47,60.313199,82.90052907,B,E,8547.008547,-138,2007MNRAS.375.1381K
HE 1416-0026,16,343.742816,55.08166809,B,E,11587.48552,58,2007ApJ...671.1708B
HE 1414-0006,15.6,343.4004802,55.62222547,B,E,11904.7619,28,2007ApJ...660..311B
HE 1414-0008,16.6,343.3566975,55.60225891,B,E,11223.34456,-20.7,2007ApJ...660..311B
HE 1407+0052,15.9,341.6377888,57.47986809,B,E,7027.406887,156,2007ApJ...660..311B
HE 1412+0110,15.4,344.0070755,56.95239015,B,E,5063.291139,61,2007ApJ...660..311B
KUV 14192+2514,16.93,32.0274792,69.68852311,B,E,46082.94931,-91.3,1994AJ....108.2025D
HE 1405-0047,15.2,339.3117247,56.31868165,B,E,12562.81407,-129,2007ApJ...660..311B
LB 11236,14.05,171.6399543,84.21067951,B,E,6222.775358,-178,2007MNRAS.375.1381K
Cl* NGC 5053 SAN 8,17.19,335.6831448,78.85114806,B,E,29673.5905,38,2007ApJ...671.1708B
LB 11425,15.28,115.1249964,85.53322728,B,E,23752.96912,-16,1990AJ.....99..330W
GSC 01995-02571,14.43,113.8634898,88.7802834,B,E,9425.070688,-124,2007MNRAS.375.1381K
Ton 669,15.96,101.5441948,88.27969615,B,E,5293.806247,47,2007MNRAS.375.1381K
BPS BS 15622-0048,14.45,204.0020563,88.94069675,B,E,6090.133983,-69,2007MNRAS.375.1381K
Case A-F 77,15.6,161.0295505,82.96696418,B,E,6724.949563,-159,2007MNRAS.375.1381K
Ton 620,15.72,175.1401513,84.3562327,B,E,14326.64756,37,2007MNRAS.375.1381K
RMB 138,15.16,283.1941495,73.69722676,B,E,5425.935974,0.0005,1986ApJS...61..305G
HE 1225-0306,15,291.4207595,58.95059699,B,E,7241.129616,69,2007ApJ...660..311B
Ton 112,15.42,139.2177379,83.45061176,B,E,16556.29139,13,2007MNRAS.375.1381K
Ton 104,15.25,141.1984001,82.86915839,B,E,8968.609865,17,2007MNRAS.375.1381K
BPS BS 16466-0017,14.35,141.1143782,83.43000592,B,E,5552.47085,-18,2007MNRAS.375.1381K
HE 1227-0020,16.6,291.7763856,61.80717369,B,E,5540.166205,130.5,2007ApJ...660..311B
PG 1246+029,11.44,301.3121957,65.45279117,B,E,744.1583569,15.08,1986ApJS...61..305G
[CWH2004] IF789-126,18.67,301.7499189,59.48928578,B,E,18214.93625,153.8,2007ApJ...671.1708B
BPS BS 16027-0038,11.6,85.92961346,83.20426711,B,E,1618.122977,-116,2007MNRAS.375.1381K
KUV 13139+3213,14.64,76.22684047,82.77154325,B,E,6657.789614,-57,1986AJ.....91..139W
Ton 148,15.77,78.43861173,83.46896302,B,E,13831.25864,-20,2007ApJ...671.1708B
EC 13040-3229,12.81,306.6594015,30.00329027,B,E,9041.59132,-31.09888,1997MNRAS.287..867K
GSC 02535-00041,14.2,71.51905303,84.02477831,B,E,5783.689994,-46,2007MNRAS.375.1381K
Case A-F 870,15.97,76.66872268,83.2099018,B,E,10604.45387,-112,2007MNRAS.375.1381K
Ton 1563,14.7,80.99321696,83.61916842,B,E,5899.705015,-243,2007MNRAS.375.1381K
EC 13021-3236,11.41,306.1876797,29.90518359,B,E,8718.395815,22.711483,1997MNRAS.287..867K
PB 3156,16.62,107.3839535,85.12916432,B,E,19920.31873,-105,2007MNRAS.375.1381K
US 191.5,16.15,85.58517099,85.79506936,B,E,2375.86125,-171.525,1994AJ....108.2025D
KUV 494-35,15.27,90.92059461,84.79229876,B,E,29940.11976,-135,1993AJ....106..390W
KUV 12568+3043,16.63,96.21233089,86.27573455,B,E,12870.01287,62.8,1994AJ....108.2025D
HE 1258+0009,16.2,308.2525289,62.65915093,B,E,11061.9469,149,2007ApJ...660..311B
Ton 141,15.09,64.23037669,86.97374913,B,E,9389.671362,30,2007MNRAS.375.1381K
Ton 691,16.23,74.05233834,87.31207091,B,E,13495.27665,-10.4,1994AJ....108.2025D
SNGP 69,16.33,64.88033242,86.92402694,B,E,10172.93998,127,2007MNRAS.375.1381K
US 293,16.03,77.38094758,85.20181014,B,E,12391.57373,-224,2007MNRAS.375.1381K
HE 0022-0603,17.3,105.1956822,-67.73432599,B,E,11123.47052,-171.9,2012ApJ...751...55B
Case A-F 449,16,181.1037784,47.98870249,B,E,7942.811755,86,2007ApJ...660..311B
KUV 08401+4131,16.01,180.1359663,37.94554501,B,E,1610.305958,233,1993AJ....106..390W
HD 30122,6.329,176.6162673,-14.03165521,B,E,259.6458431,23.2,1954ArA.....1..425A
HD 25539,6.87,163.5199607,-14.6704344,B,E,271.0614767,26.5,1954ArA.....1..425A
[BFO2002] UMi 40451,19.895,105.0958438,44.73143427,B,E,1744.591766,-227.8,2012ApJ...751...55B
SBSS 1534+522,17.71,83.48431327,50.44943772,BN,E,12360.93943,-157.094,1997Ap.....40..211B
HD 238624,10.21,86.99475359,38.10674172,B,E,340.1360544,-158.279007,1993yCat.3135....0C
BD+49 1700,9.92,170.0663853,31.78954958,BN,E,952.8346832,-47.5952,1999PASP..111.1099S
CBS 277,16.09,95.54574857,56.47108613,BN,E,5434.782609,-54,1997Ap.....40..211B
HD 31916,9.05,179.5703424,-11.9345663,B,E,704.0270346,23.956301,1954ArA.....1..425A
V* ZZ Lyn,16.11,182.3340605,27.25227307,B,E,25125.62814,157.062,1987AJ.....94.1271W
BPS CS 29493-0046,15.2,16.45050186,-50.43356471,B,E,19841.26984,55,1992AJ....103..267B
Ton S 202,14.81,212.269399,-84.40817678,B,E,7513.148009,-75,1994AJ....108.2025D
HD 2619,8.33,120.7398409,2.489682411,B,E,1057.64146,-8,2020ApJS..251...29C
SB 473,14.28,195.2812785,-85.48733672,B,E,4805.382028,-50,1994AJ....108.2025D
HE 2205-0906,16.1,50.52310405,-47.46389774,B,E,13679.89056,-83,2007ApJ...660..311B
HE 2312-0901,16.4,67.22371608,-60.70333355,B,E,22727.27273,-219,2007ApJ...660..311B
PHL 6557,17.3,116.646191,-72.65316878,B,E,4887.585533,-117,2007ApJ...671.1708B
HE 0202-0801,15.37,168.4053276,-63.94788562,B,E,6839.94528,-74,2007ApJ...671.1708B
Ton S 157,14.57,67.3840431,-82.96560726,B,E,2888.503755,112,2001MNRAS.320..451B
KUV 00296-2026,13.399,89.45512636,-81.74177701,B,E,507.2022723,22.65,1990AJ.....99..330W
EM* GGA 329,12.5,168.4503417,1.28987982,B_,E,3061.849357,9.638327843,1956BOTT....2n..19G
EM* GGA 339,12.571,173.6161717,-0.052214168,B_,E,2744.990393,-9.665309151,1956BOTT....2n..19G
EM* GGA 237,12.1,140.4600425,1.18618193,B_,E,1314.924392,-37.31,1956BOTT....2n..19G
HD 34525,10.23,212.1005407,-25.611189,B,E,308.0999476,15.15,1993yCat.3135....0C
V* GQ Ori,8.88,199.7662265,-4.41790282,B,E,2662.406816,50.8684,1993yCat.3135....0C
HD 247331,9.02,182.9869449,-1.618123982,B,E,1217.137293,-17.1,1993yCat.3135....0C
HE 1424-0242,15.6,344.1695193,52.11770946,B,E,8944.543828,35,2007ApJ...660..311B
HD 195229,7.66,80.26332059,1.913669377,B,E,1473.405039,-11,2020ApJS..251...29C
CD-53 1053,10.48,261.4710675,-38.82228928,B,E,801.6032064,-2.99,2013MNRAS.431..240O
HD 229159,8.62,77.36131399,1.162055073,B,E,1710.571331,-22,2020ApJS..251...29C
TYC 2697-1046-1,11.03,76.07522902,-2.204275073,B,E,3337.783712,97.78,2020ApJS..251...29C
HD 17218,9.29,143.4102772,-12.94285547,B,E,2294.630564,-58,1993yCat.3135....0C
HD 223036,8.5,113.4918116,-6.930985134,B,E,1609.010459,-20,1993yCat.3135....0C
[V92] 3.0-280,15.9,59.10168054,43.49800398,B,E,8291.873964,-238.3,2007ApJ...660..311B
HD 191611,8.57,73.6210028,1.852106173,B,E,3178.639542,4,2020ApJS..251...29C
HD 227769,10.59,71.79393309,1.16970142,B,E,422.7257355,5.52,1993yCat.3135....0C
Ton 232,16.52,52.41755469,56.6317341,B,E,15432.09877,-141,2007ApJ...660..311B
KUV 16104+3830,16.3,61.19357682,46.8689674,B,E,8771.929825,-25.7,1990AJ....100.1274W
Cl Trumpler 16 52,12.621,287.5880629,-0.59123611,B,E,2620.545073,-20.51786,2017A&A...603A..81D
Cl* Trumpler 14 MJ 502,12.392,287.6175919,-0.640480095,B,E,2546.473135,70,2017A&A...603A..81D
Cl Trumpler 16 54,12.828,287.5986155,-0.591636467,B,E,2554.931017,-9.92872,2017A&A...603A..81D
Cl* Trumpler 14 Y 206,14.167,287.634534,-0.656043962,B,E,2358.490566,265,2017A&A...603A..81D
2MASS J10452216-5942436,17.127,287.6443239,-0.635775235,B,E,13755.15818,139.99925,2017A&A...603A..81D
Cl* Trumpler 14 Y 256,13.599,287.6618731,-0.664895102,B,E,2557.544757,2.35,2017A&A...603A..81D
Cl Trumpler 16 51,12.795,287.5890102,-0.594997857,B,E,2387.204583,-15,2017A&A...603A..81D
Cl* Trumpler 14 Y 193,13.382,287.6464426,-0.630822739,B,E,2439.619419,-5.91,2017A&A...603A..81D
2MASS J10453607-5945295,16.789,287.6915976,-0.662982541,B,E,2384.358608,104.43183,2017A&A...603A..81D
Cl* Trumpler 16 MJ 599,13.048,287.6849793,-0.641336518,B,E,2260.39783,4.7363,2017A&A...603A..81D
Cl* Trumpler 14 Y 150,13.798,287.6705408,-0.613250415,B,E,2541.942044,45,2017A&A...603A..81D
Cl* Trumpler 16 MJ 602,13.243,287.6348638,-0.534266678,B,E,2307.337333,-2.03744,2017A&A...603A..81D
Cl Trumpler 16 40,13.187,287.5761381,-0.621060355,B,E,2520.16129,-27.64281,2017A&A...603A..81D
Cl Trumpler 16 236,14.776,287.5633959,-0.618256053,B,E,6877.579092,392.07043,2017A&A...603A..81D
Cl* Trumpler 14 Y 151,13.068,287.6626349,-0.623725622,B,E,2549.06959,-18.03,2017A&A...603A..81D
Cl Trumpler 16 38,13.283,287.5829326,-0.618321823,B,E,2704.164413,-16.19441,2017A&A...603A..81D
Cl* Trumpler 14 Y 461,12.667,287.4577215,-0.638353563,B,E,2651.113468,0.014,2017A&A...603A..81D
EC 02518-6611,16.16,285.4647086,-46.81185123,B,E,10277.49229,204,2001MNRAS.320..451B
Cl Trumpler 16 44,13.487,287.5527115,-0.620136342,B,E,2695.41779,277.40793,2017A&A...603A..81D
HD 305767,9.94,289.2312198,-0.398421446,B,E,2406.159769,1.11,1995A&AS..110..367N
Cl* Trumpler 14 VBF 65,12.852,287.4078358,-0.571545817,B,E,2553.626149,80,2017A&A...603A..81D
Cl* Trumpler 14 VBF 91,13.439,287.4169076,-0.579489303,B,E,2547.121752,22.25603,2017A&A...603A..81D
Cl Trumpler 14 45,13.197,287.4008298,-0.599829304,B,E,2420.721375,20,2017A&A...603A..81D
Cl Trumpler 16 160,12.24,287.432191,-0.639605976,B,E,2646.903123,-12.76006,2017A&A...603A..81D
Cl Trumpler 16 247,13.54,287.5313955,-0.703013438,B,E,2574.665294,40,2017A&A...603A..81D
CD-30 12135,12.06,336.9437367,22.0445452,B,E,236.6023897,301.84,1972POAN....2...59S
HE 1438+0222,15.3,354.055343,53.7628944,B,E,10548.52321,-34.7,2007ApJ...660..311B
Gilmore F867 13-32,16.09,349.7388233,52.23138861,B,E,11750.88132,75,2007ApJ...671.1708B
Gilmore F867 9-17,16.42,351.6654565,51.79810013,B,E,8110.300081,118,2007ApJ...671.1708B
NGC 6231 24,11.718,343.4742602,1.24771311,B_,E,1717.62281,42.57,2009ApJ...700.1216M
BPS CS 22871-0086,15.59,336.7242166,36.53150446,B,E,6060.606061,-109,1997MNRAS.287..867K
EM* GGA 193,10.82,137.820219,-4.585521214,B_,E,1614.465612,66.328102,1956BOTT....2n..19G
PG 1530+212,10.96,32.5038629,52.83182723,B,E,1297.521733,-7,1986ApJS...61..305G
V* V2117 Cyg,8.98,80.34742335,3.738519685,B,E,1177.717583,0,1993yCat.3135....0C
Cl Trumpler 16 47,12.851,287.5913723,-0.673059105,B,E,2476.473502,78.17318,2017A&A...603A..81D
Cl Trumpler 16 215,13.332,287.5657914,-0.604707323,B,E,2787.844996,40,1993AJ....105..980M
Cl Trumpler 16 239,13.595,287.6244886,-0.620059537,B,E,2510.670349,-6.26861,2017A&A...603A..81D
Case A-F 392,15,182.4845827,44.08316862,B,E,17241.37931,158,2007ApJ...660..311B
[BGK2006] HV 9,18.76,244.6315128,44.38243396,B,E,6626.905235,626.8,2007ApJ...671.1708B
PG 1053+071,14.64,244.288082,55.9833028,B,E,8361.204013,195.363007,1986ApJS...61..305G
Cl* Trumpler 16 MJ 603,13.015,287.6327112,-0.527544698,B,E,2490.660025,275,2017A&A...603A..81D
Cl* Trumpler 14 MJ 251,14.402,287.5206012,-0.714928054,B,E,2664.535039,-44.84,2017A&A...603A..81D
EC 03495-7850,15.89,293.3732393,-34.93178366,B,E,11520.73733,432,2001MNRAS.320..451B
OM 34,13.92,295.9912101,-43.46079455,B,E,4593.477262,129.229004,1974A&AS...16..277C
Cl* Trumpler 16 MJ 585,12.671,287.6497289,-0.604590054,B,E,2489.419965,296.75336,2017A&A...603A..81D
OM 46,13.44,293.7226697,-43.32845477,B,E,4038.772213,178.980574,1974A&AS...16..277C
CPD-61 2034,10.6,290.4604212,-1.812717777,B,E,553.3728073,54,1967JO.....50..203M
OM 19,13.32,297.5000523,-42.3660227,B,E,3300.330033,43.962427,1974A&AS...16..277C
2MASS J10452263-5930223,14.015,287.5493744,-0.453041891,B,E,2695.41779,-4.87,2017A&A...603A..81D
Cl* Trumpler 14 MJ 328,12.66,287.5895928,-0.770595389,B,E,1722.059583,2.86741,2017A&A...603A..81D
Cl Trumpler 16 240,13.851,287.6243485,-0.61673035,B,E,2519.526329,25,2017A&A...603A..81D
Cl Trumpler 14 43,12.17,287.389384,-0.620196694,B,E,2551.671345,-11.64516,2017A&A...603A..81D
Cl Trumpler 14 38,13.23,287.4239584,-0.57227786,B,E,2457.002457,123.63,2017A&A...603A..81D
Cl Trumpler 16 130,12.921,287.4448535,-0.573878071,B,E,2664.535039,373.53253,2017A&A...603A..81D
Cl Trumpler 16 131,13.562,287.4436581,-0.568600717,B,E,2601.456816,300,2017A&A...603A..81D
Cl* Trumpler 14 Y 11,13.486,287.4364173,-0.520509764,B,E,2558.853634,-2.03844,2017A&A...603A..81D
Cl* Trumpler 14 MJ 525,12.057,287.5333996,-0.453297365,B,E,2621.919245,-16.86331,2017A&A...603A..81D
Cl* Trumpler 14 Y 50,13.253,287.4761657,-0.555013042,B,E,2482.00546,-6.54475,2017A&A...603A..81D
Cl* Trumpler 14 Y 467,13.224,287.4681293,-0.603355607,B,E,2392.344498,-2.09039,2017A&A...603A..81D
Cl* Trumpler 14 MJ 451,13.239,287.5174743,-0.502484473,B,E,2498.750625,-6.37627,2017A&A...603A..81D
Cl* Trumpler 14 Y 60,13.597,287.5233403,-0.549810576,B,E,2393.489708,170,2017A&A...603A..81D
Cl* Trumpler 14 Y 89,15.109,287.5397094,-0.528318477,B,E,3629.764065,-6.33449,2017A&A...603A..81D
Cl* Trumpler 14 Y 300,15.181,287.5606645,-0.736637123,B,E,2375.86125,-9.2613,2017A&A...603A..81D
Cl* Trumpler 14 Y 339,15.344,287.5162256,-0.736175388,B,E,2381.519409,-5.58562,2017A&A...603A..81D
Cl* Trumpler 14 Y 30,12.301,287.4554767,-0.507494207,B,E,2300.966406,-15.23,2017A&A...603A..81D
OM 5,11.86,300.5864446,-41.54005529,B,E,1721.763085,157.677994,1974A&AS...16..277C
2MASS J00500852-7234380,14.95,303.0680403,-44.55073577,B,E,32573.2899,128,2016ApJ...817..113L
EC 00269-5602,13.81,309.3805727,-61.0863378,B,E,2222.716159,157,2001MNRAS.320..451B
HD 103006,8.95,295.8937659,0.241646529,B,E,2502.502503,1.81673,1975MSS...C01....0H
HD 312008,11.47,302.8998195,0.841695795,B,E,200.8153102,-9.82,1995A&AS..110..367N
* chi Oph,4.43,357.932809,20.67660059,B2Vne,C,152.9005229,-19,1988MSS...C04....0H
* 93 Cet,5.607,173.0831265,-45.38791654,B8V,C,136.2694865,11.8,1999MSS...C05....0H
* lam Cet,4.7,168.2059161,-42.41402939,B6III,C,136.5989591,10.2,
HD 68518,6.6,273.4293408,-14.02403685,B5V,C,299.8410842,0,1975MSS...C01....0H
HD 131120,5.015,327.9275017,19.10572709,B7IIIp,C,143.5873873,6.1,1969ApJ...157..313H
* 48 Lib,4.87,356.386686,28.63165662,B5IIIp_sh,C,139.7819402,-25.01,1968ApJS...17..371L
* b Cen,4,325.9018204,20.09942711,B2.5V,C,99.66214533,2.6,1968ApJ...151.1043S
HD 88015,6.384,276.8950874,6.153115668,B3V,C,450.2881844,17,1978MSS...C02....0H
HD 77320,6.08,264.8165973,1.95935102,B2Vnn(e),C,415.7312713,19,1978MSS...C02....0H
HD 77475,5.541,263.9487322,2.957354332,B5III,C,151.4004542,22.8,1978MSS...C02....0H
HD 172910,4.87,359.8024688,-14.07898056,B2V,C,146.1112491,3.9,1982MSS...C03....0H
* mu.02 Sco,3.542,346.1965118,3.86197219,B2IV,C,176.5786128,1.3,1969ApJ...157..313H
HD 76004,6.35,264.5602004,0.15044065,B3V,C,443.7541602,22,1978MSS...C02....0H
* lam Lib,5.027,350.7242845,25.38010961,B3V,C,135.3473012,-2,1988MSS...C04....0H
HD 217811,6.42,103.1099763,-14.59000677,B2V,C,457.7287499,-11.3,
* d Lup,6.7,331.0167652,8.759642474,B3V,C,131.2335958,7.9,1978MSS...C02....0H
* psi02 Lup,4.721,338.4815585,16.08432807,B5V,C,129.0472442,3.9,
* c02 Sco,4.568,348.1165952,16.83539171,B2V,C,147.3882797,36.93,1991ApJ...369..515R
* 133 Tau,5.29,193.173937,-7.330296105,B2IV-V,C,289.0256944,26.2,
* 134 Tau,4.875,194.4882256,-7.573103541,B9V,C,86.2187888,19.71,2024A&A...690A.176N
* i Sco,4.79,353.0981892,15.79593851,B2.5V,C,125.9414121,0,2024A&A...690A.176N
HD 150742,5.628,343.0819422,3.178061591,B3V,C,173.8102687,11.8,1978MSS...C02....0H
HD 147889,7.9,352.857348,17.04357755,B2V,C,136.3568185,-3.3,2020A&A...641A..35S
HD 147196,7.04,352.7983078,18.24373619,B6.5V,C,138.0300353,-3,2020A&A...641A..35S
* kap Sco,2.386,351.043749,-4.719239303,B1.5III,C,148.1481481,-14,2009A&A...501..297Z
V* XY Pyx,5.73,254.6045674,2.030551315,B2V,C,435.1231398,24.7,1982MSS...C03....0H
* N Sco,4.23,345.9414915,9.21836263,B2III-IV,C,182.4118495,0.8,
HD 144844,5.88,350.7340701,20.36827615,B9V,C,154.4115376,-16,1988MSS...C04....0H
V* V913 Sco,5.43,348.1191798,21.19651031,B5V,C,142.7551749,-14.86197,1988MSS...C04....0H
HD 146001,6.05,350.3867676,18.11787984,B8V,C,147.446956,-8.4,1988MSS...C04....0H
HD 144661,6.33,349.9936427,19.9689641,B8IV/V,D,159.7903551,-9.6741,1988MSS...C04....0H
* nu.02 Sco,6.06,354.6136487,22.71076173,B8/9V,D,0,-14,1988MSS...C04....0H
HD 157243,5.108,344.8610687,-4.619159781,B5/6III,D,215.2806183,13,1978MSS...C02....0H
HD 76898,7.39,265.2990616,0.849001234,B3/5V,D,474.9465685,20,1978MSS...C02....0H
* e Lup,4.806,327.8284781,11.42939002,B3IV/V,D,138.1730756,13.5,1978MSS...C02....0H
* alf Tel,3.463,348.6652338,-15.18439884,B3IV,E,85.69274011,-0.2,1978MSS...C02....0H
HD 143699,4.89,339.1196414,10.4266623,B5/7III/IV,E,134.2714431,-1.9,1982MSS...C03....0H