Gaia DR3 4131960269075207296,9.97,1.3371987655794315,18.157534300419673,B,D,2673.7967914438505,84.73,23,9,8,23,37,50
Gaia DR3 4064299141006565760,11.09,3.8459513304986372,-0.661257766,B,D,452.4068041983352,-49.25,30,15,4,11,24,37
Gaia DR3 4070344702643697408,10.42,6.957707375580169,1.5439459464757959,B,D,138.03003533568904,-55.36,31,17,5,13,26,39
Gaia DR3 4354377620100892416,8.943,11.816105156307556,27.897749321560962,B,D,75.52470790819216,3,26,13,15,28,43,56
Gaia DR3 4145782740845191680,10.21,14.497312903635905,1.205532194231151,B,D,1892.5056775170328,-687.242981,35,21,8,13,26,39
Gaia DR3 4145989277232167296,10.97,14.553796032842607,1.538489237083545,B,D,1697.2165648336731,-4.86901,35,21,8,13,27,39
Gaia DR3 4146430185708222976,10.38,15.388550326263482,1.5501479149453303,B,D,2237.6370552696353,-12.6057,36,21,9,13,27,39
Gaia DR3 4146436336100915072,10.19,15.652600789774567,1.4041056224522388,B,D,1509.6618357487923,-5.20584,36,22,9,13,27,39
Gaia DR3 4146425066106545536,11.38,15.734341139978028,1.2209732730693585,B,D,1675.0418760469013,2.53288,36,22,9,13,26,39
Gaia DR3 6616993471402951680,15.2,16.450501863179756,-50.43356471,B,E,19841.26984126984,55,58,42,27,11,0,4
Gaia DR3 4146599579205603456,13.7,16.961991371969923,0.7657309165505823,B,D,1970.055161544523,104.37,37,22,10,13,26,39
Gaia DR3 4152353117402877696,11.84,17.262501603699377,-0.047130846,B,D,1786.3522686673814,-12.0651,38,22,10,13,25,38
Gaia DR3 4104026519049789312,10.9,17.26618966576338,-1.782801611,B,D,2154.7080370609783,32.826401,38,23,10,11,24,37
Gaia DR3 4153175032404035328,11.24,19.143706421395102,-0.179658235,B,D,1332.267519317879,-1.29934,38,24,11,13,26,38
Gaia DR3 4379952299220683392,10.5,19.325498708633873,22.48407204644258,B,D,2339.1812865497077,-26.21,32,18,14,25,39,53
Gaia DR3 4152928741800219776,10.24,19.352588205132854,-1.239780566,B,D,2326.1223540358224,26.561399,39,24,11,12,25,38
Gaia DR3 4153376895859180160,11.821,19.841585044024928,0.049527440218373735,B,E,9267.840593141798,42.59,39,24,12,13,26,39
Gaia DR3 4105029621621636608,11.45,20.192246202499735,-1.684572629,B,D,2093.8023450586265,39.945702,40,25,12,12,25,37
Gaia DR3 4106530317543456128,11.62,20.36383983333034,-1.811592702,B,D,1890.3591682419658,13.6433,40,25,12,12,25,37
Gaia DR3 4154598560695843584,10.83,20.55332775163343,-1.372493927,B,D,2279.462046956918,25.7721,40,25,12,12,25,38
Gaia DR3 4154534097490445056,11.29,20.609004595229354,2.078973131897037,B,D,2390.0573613766733,52.515202,39,24,12,14,27,40
Gaia DR3 4175686334686367616,10.52,21.244324005606522,10.830627626748429,B,D,970.8737864077669,-10.95,37,22,12,19,32,45
Gaia DR3 4184959027339984640,11.72,24.29657840973197,-13.17750505,B,D,15822.78481012658,-126.389999,46,30,16,8,18,30
Gaia DR3 6877462450267026176,11.31,27.137047888956655,-23.02503216,B,D,312.93027913380894,21.7,51,35,21,7,12,25
Gaia DR3 4252236121005133952,11.38,27.18996796855708,-3.611699755,B,D,3018.412315122246,130.020996,44,29,15,13,24,37
Gaia DR3 4259345013402392960,10.52,29.281183299018686,0.9948908404071714,B,D,1320.6550449022716,-7.52542,44,28,16,15,27,40
Gaia DR3 4259493206940924544,11.81,29.48902612460189,1.087487820546281,B,D,2977.0765108663295,25.9398,44,29,16,15,27,40
Gaia DR3 4255348456083989632,12.39,29.529182317415703,-3.328780961,B,D,185.380865,62.36,46,30,17,13,24,37
Gaia DR3 4255380518073549696,11.77,29.795370732597576,-3.358278825,B,D,1631.587534671235,-672.905029,46,30,17,14,24,37
Gaia DR3 4206318041466859264,10.21,29.84093174158981,-5.474887075,B,D,1849.4544109487701,-11.3053,46,30,17,13,23,36
Gaia DR3 4255656216259069696,10.96,29.940002779811472,-2.526947864,B,D,3103.662321539417,41.876202,46,30,17,14,25,37
Gaia DR3 6879651371760667904,11.27,30.19522104299956,-23.79491002,B,D,375.6715128291822,44.89,53,36,22,8,12,24
Gaia DR3 4255667280094809856,12.19,30.268469183630554,-2.646905144,B,D,1541.7823003391923,-20.759701,46,30,17,14,25,37
Gaia DR3 6876724261349070976,11.69,30.622058199786387,-26.61168744,B,D,603.3910577445242,18.27,53,38,23,9,10,22
Gaia DR3 4211261651890410368,11.92,30.630992061929145,-8.258602726,B,D,10845.986984815618,162.832001,48,32,18,12,21,34
Gaia DR3 4261935772030238464,10.91,31.737620716179965,-2.558382812,B,D,1834.5257750871397,79.48,46,31,18,15,25,38
Gaia DR3 1255816551513349376,16.93,32.02747919944959,69.68852311,B,E,46082.949308755764,-91.3,24,28,37,53,70,85
Gaia DR3 1211350415798281344,10.96,32.5038629,52.83182723476226,B,E,1297.5217334890358,-7,27,26,30,43,60,74
Gaia DR3 4268848088051429888,13.909,37.27925988863967,-0.776635331,B,E,4522.840343735867,51.79,49,34,20,18,26,39
Gaia DR3 4285295308859264384,11.62,37.286675527500336,3.9802846499376376,B,D,534.3593031954687,-22.05,47,32,20,19,29,42
Gaia DR3 4238348464433824000,11.5,38.223196856262184,-11.74876899,B,D,132.1580081145017,-10.435,53,37,22,14,20,33
Gaia DR3 4288653354806251648,11.39,38.329384333031584,-6.1927138,B,D,4293.688278,44.354,51,35,21,16,23,36
Gaia DR3 4269331946241009920,10.61,38.645673228466855,-1.810036248,B,D,2008.8388911209317,88.7,50,34,21,17,26,39
Gaia DR3 2402031280004432512,11.426,41.172894158310996,-58.15189038,B,D,7923.930269413629,63,69,52,37,22,4,3
Gaia DR3 4503946871216360960,10.92,41.89835932,6.658997453318066,B,D,132.2978819109106,-5.56,49,34,23,22,31,44
Gaia DR3 4311547145416965888,10.7,41.918894676924396,4.670746000853295,B,D,3617.945007,63.20677,50,34,22,21,30,43
Gaia DR3 4504029815620477568,11.33,42.035884952727734,6.478396268,B,D,414.97219686281016,-15.15,49,34,23,22,31,44
Gaia DR3 6914737371916009856,11.25,42.73030837707496,-27.78667832,B,D,493.51033904160295,-32.23,60,44,29,14,10,22
Gaia DR3 4308397766146032384,11.43,45.12269466224297,-3.730702596,B,D,540.1901469,-58.96,54,38,25,20,25,38
Gaia DR3 4507272447200161920,11.08,45.23387974773091,7.101342780266374,B,D,4807.692307692308,33.222099,51,35,24,23,32,45
Gaia DR3 4313957652868238720,12.5,45.67311625959467,2.4162807033941003,B,D,224.08461435037873,-25.23,52,36,25,22,29,42
Gaia DR3 4250340562872487552,11.18,48.41485077497133,-14.26793747,B,D,832.9862557267805,-40.79,59,42,28,19,18,31
Gaia DR3 4319538017937595264,11.93,48.63942316239578,-0.7701843,B,D,366.07240912252445,-135.1,55,39,26,23,27,40
Gaia DR3 4518242205986935040,11.77,49.25580297635944,8.564004918218359,B,D,553.8018497,-10.15,52,36,27,25,33,46
Gaia DR3 2618909360172318336,16.1,50.52310405155694,-47.46389774,B,E,13679.890560875512,-83,69,52,37,21,4,10
Gaia DR3 4305378812121638784,12.9,52.083582115948175,-6.51644898,B,D,993.9369843951894,-18.7,59,42,29,23,23,37
Gaia DR3 1277715082224184832,16.52,52.41755469398034,56.631734098281385,B,E,15432.098765432098,-141,33,36,38,49,66,80
Gaia DR3 4535960694119851008,11.95,54.58889605239131,13.00703160057603,B,D,564.8121999435187,-33.91,54,38,31,31,37,50
Gaia DR3 1462103697597043200,14.12,54.59288212938757,82.15733857442358,B,E,4484.304932735426,-24,27,34,46,62,79,94
Gaia DR3 1330941718569616256,15.9,59.10168053548891,43.498003978511406,B,E,8291.873963515754,-238.3,42,40,41,44,60,74
Gaia DR3 2021163235335129472,11.9,59.79889992825182,1.4793580938102415,B,D,234.41162681669013,-116.35,61,44,33,30,30,42
Gaia DR3 1462363251061345408,16.47,60.313198995890524,82.90052907496367,B,E,8547.008547008547,-138,27,34,47,62,80,94
Gaia DR3 1378795350828763520,16.3,61.19357682242165,46.868967402847495,B,E,8771.929824561403,-25.7,42,42,43,47,62,77
Gaia DR3 2038347743048815872,10.57,62.31646948947746,7.042024736970093,B,D,1617.3378618793465,46.6,61,44,35,34,34,47
Gaia DR3 2028256013055835776,11.04,63.50709142714518,1.796340569,B,D,456.3084645220169,-31.62,64,47,35,33,31,43
Gaia DR3 2027157184267200256,11.48,63.663822275216916,-0.349730894,B,D,2409.058058299205,111.28,64,47,35,32,30,41
Gaia DR3 1834004366020059392,11.25,64.17922776,-4.359594979,B,D,2090.7380305247752,-362.3,66,49,35,31,28,38
Gaia DR3 1461233674662431232,15.09,64.23037668797723,86.97374913123606,B,E,9389.671361502347,30,26,34,48,64,82,95
Gaia DR3 1461234293137723264,16.33,64.88033242,86.92402693842989,B,E,10172.93997965412,127,26,34,48,64,82,95
Gaia DR3 1463302474510178048,15.22,66.99814741,82.07101521561407,B,E,14619.88304093567,-126,29,35,47,63,81,94
Gaia DR3 2654193925257989632,18.2,67.19210335,-47.1429884,B,E,65359.47712418301,-174.4,76,58,43,27,9,11
Gaia DR3 2630215642536021376,16.4,67.22371608,-60.70333355,B,E,22727.272727272728,-219,78,60,45,29,11,3
Gaia DR3 2360144628630316672,14.57,67.38404309846749,-82.96560726,B,E,2888.5037550548814,112,78,64,49,33,15,2
Gaia DR3 2045682344605505280,10.44,67.69431366106767,6.118997010255698,B,D,308.5753078038695,-25.16,65,48,39,38,36,47
Gaia DR3 1856995802683880064,11.44,68.40283566610138,-6.323683606,B,D,1447.8065730418418,-114.55,69,52,38,33,28,37
Gaia DR3 1463072195543136640,14.2,71.51905303307954,84.02477830769831,B,E,5783.689994,-46,28,35,48,64,82,95
Gaia DR3 2058403728495362432,10.59,71.79393309,1.1697014202292002,B,E,422.7257355427798,5.52,70,52,41,39,35,43
Gaia DR3 2072874985143833088,11.86,72.27546167068412,6.845293685859747,B,D,936.0666479453336,-17.66,69,52,43,42,39,49
Gaia DR3 2058761890094829440,11.27,72.28785878359955,0.8695783956121074,B,D,1927.1535941414531,-3.3,70,53,41,39,35,43
Gaia DR3 2059047458209448064,10.38,72.66616142926328,1.8191787528139793,B,D,3211.3037893384712,-6,70,53,42,40,35,44
Gaia DR3 1863697673959180800,11.12,73.17351602018441,-3.864039824,B,D,376.5485559,-18.67,72,55,41,38,32,39
Gaia DR3 1859430675485986304,11.53,73.32262428036492,-8.44585611,B,D,362.3844899438304,-9.77,73,55,41,35,29,36
Gaia DR3 2059236196250413696,8.57,73.62100279510437,1.8521061731538162,B,E,3178.639542275906,4,71,54,42,41,36,44
Gaia DR3 1862823149896891008,11.03,73.77111845537328,-6.48053832,B,D,412.9160128829796,0.54,73,55,42,37,31,37
Gaia DR3 1463879546315302400,16.23,74.05233833833583,87.31207091450091,B,E,13495.27665317139,-10.4,26,35,49,65,82,95
Gaia DR3 2057617302790441984,10.13,75.35239263823745,-1.425667113,B,D,1860.8113137327878,94.08,73,56,43,41,36,41
Gaia DR3 2060860587229678080,10.66,75.42968657893924,1.4719653925326013,B,D,2449.179524859172,-25,73,55,44,42,37,44
Gaia DR3 2057898159289947136,10.18,75.68661262,-0.102351421,B,D,307.73965225419295,-44.45,73,56,44,42,37,43
Gaia DR3 2056918391351771904,11.03,76.07522901608252,-2.204275073,B,E,3337.783711615488,97.78,74,57,44,41,36,41
Gaia DR3 1463524472779250304,14.64,76.22684046578973,82.77154324947527,B,E,6657.789613848203,-57,29,36,48,64,82,95
Gaia DR3 2057825071826030720,11.53,76.29523366846635,-0.605227906,B,D,360.7503607503608,-20.1,74,56,44,42,37,42
Gaia DR3 1469754924137343616,14,76.31205569960603,80.56222173795638,B,E,9910.802775024777,-132,31,37,48,64,81,95
Gaia DR3 2062162473397519360,11.76,76.39706405,2.7863271037262494,B,D,296.8239833778569,18.47,73,56,45,44,39,45
Gaia DR3 1463493720813382400,15.97,76.66872268145464,83.20990180254493,B,E,10604.453870625664,-112,29,36,48,64,82,95
Gaia DR3 2061213083772814080,8.42,77.20070458939422,0.9225152855927821,OC9.7Iab,C,1742.4638438752395,-18,75,57,46,43,39,44
Gaia DR3 2061232084708040320,8.62,77.36131398867524,1.1620550725924068,B,E,1710.5713308244954,-22,75,57,46,44,39,44
Gaia DR3 1465949583113350272,16.03,77.38094757568564,85.20181014490967,B,E,12391.573729863694,-224,28,35,48,64,82,95
Gaia DR3 2068368396202071168,9.67,78.36746372,2.7872123147920926,B,D,1804.4027426921689,103.23,75,57,47,46,41,46
Gaia DR3 1865519977036620544,7.764,78.43630294284918,-9.54436537,ON9.2IV,C,1918.281220026856,14,77,59,45,38,33,36
Gaia DR3 1466492844936757632,15.77,78.43861172782702,83.46896301798442,B,E,13831.25864453665,-20,29,36,48,64,82,95
Gaia DR3 2068107876366768768,7.66,80.26332059,1.9136693771117792,B,E,1473.4050390452337,-11,77,60,49,47,43,47
Gaia DR3 2069197324893936000,8.98,80.34742334671132,3.738519685497734,B,E,1177.717583323519,0,77,59,50,50,45,48
Gaia DR3 1466180789792744576,14.7,80.99321695900733,83.61916842,B,E,5899.705014749263,-243,29,36,48,65,82,95
Gaia DR3 2082047179854088064,9.53,81.18425080542082,6.607085178518057,ON9.7Iab,C,2943.773918163085,-8,78,60,52,52,49,52
Gaia DR3 1472888978953013248,13.74,82.33954846290298,80.74962352301323,B,E,3949.4470774091633,92,32,37,48,65,82,95
Gaia DR3 1595319323828473216,17.71,83.48431327,50.449437719953146,BN,E,12360.939431396786,-157.094,62,65,66,67,80,94
Gaia DR3 2083123563069450624,11.33,84.00722837946661,4.966986366794935,B,D,2870.264064293915,-8.9,81,63,55,55,52,52
Gaia DR3 2070363425700214016,12.23,84.09223107566939,2.213232613885752,B,D,524.9619402593312,-2.87,82,63,53,52,48,49
Gaia DR3 2163194775810546176,12.45,85.23752389199056,0.42736180997204837,B,D,384.61538461538464,-9.75,83,65,53,52,47,48
Gaia DR3 2071575705986410112,9.11,85.37617711106913,4.1394264928266225,B,D,2939.447383891828,-3.1,83,65,56,56,52,53
Gaia DR3 1464691879250847488,16.15,85.58517098731987,85.79506936268534,B,E,2375.8612497030176,-171.525,28,36,49,65,83,96
Gaia DR3 1466780332867334016,11.6,85.92961345913635,83.20426710719562,B,E,1618.1229773462785,-116,30,37,49,65,83,96
HD 238624,10.21,86.99475359376429,38.10674171929147,B,E,340.13605442176873,-158.279007,100,100,100,100,100,100
Gaia DR3 2166874879903636480,10.41,87.07072392305322,1.7155280339217802,B,D,3581.6618911174783,-27.94,85,66,57,56,52,52
Gaia DR3 2167127252175085696,10.13,87.81665432159613,2.3217705686467256,B,D,271.20114989287555,-21.32,86,68,58,57,54,53
Gaia DR3 2167312416803190144,10.32,88.21079257413993,3.0625957731317115,B,D,3012.0481927710844,-20.07,87,68,59,60,56,55
Gaia DR3 2168171646471386752,10.69,88.77846154793768,3.747997737300843,B,D,1236.0939431396785,-3.04063,88,69,61,61,58,57
Gaia DR3 2362650518709242496,13.399,89.45512636109076,-81.74177701,B,E,507.20227226617976,22.65,80,65,50,34,16,4
Gaia DR3 1466313143505133824,15.27,90.92059460893276,84.79229875595121,B,E,29940.119760479043,-135,29,36,49,65,83,96
Gaia DR3 2160077939517532544,5.74,92.27506681824107,25.430118629306477,O,C,128.4043195213087,-10.5,100,100,100,100,100,100
Gaia DR3 1973196868729504128,11.49,92.40206675582341,-7.932598631,B,D,380.6623524933384,-80.07,90,72,57,50,46,44
Gaia DR3 1476129205360667904,12.23,92.72551201967482,77.40802115949411,B,E,2553.6261491317673,95,36,40,50,66,84,97
Gaia DR3 2171386725864619264,11.57,93.72969486566113,-0.790890746,B,D,578.0012716027975,0.33,94,74,64,62,59,58
Gaia DR3 2171372535290208512,12.23,93.76307190854402,-0.918262409,B,D,637.3892536,3.62,94,74,64,62,59,57
Gaia DR3 2171707680174293376,12.64,94.43091919992528,0.24464251257767544,B,D,1634.7882949158081,-7.82531,95,76,66,66,62,61
Gaia DR3 1978132610791097088,13.04,94.74661884503253,-3.412979588,B,D,387.3716831299632,-156.41,94,75,62,59,56,54
Gaia DR3 1607105057685587584,16.09,95.54574857109718,56.47108613276334,BN,E,5434.782608695652,-54,72,74,75,76,92,100
Gaia DR3 1464647211589997440,16.63,96.21233088871821,86.27573455,B,E,12870.01287001287,62.8,28,35,50,65,83,96
Gaia DR3 2173315200539739648,10.93,96.66278589163483,-0.183352369,B,D,6297.229219143577,32.99,97,79,69,69,66,64
Gaia DR3 2191365195725045248,9.21,97.74154908494235,7.209880842237965,B,D,964.4131545954288,-20,100,100,100,100,100,100
Gaia DR3 2173570527752920448,10.87,97.79037012064602,-0.604915203,B,D,2689.6180742334586,42.83,98,81,71,70,67,66
Gaia DR3 2178397074562221952,12.36,99.30916711,3.704267905214042,B,D,939.4964299135663,2.23,100,100,100,100,100,100
Gaia DR3 2000060033744980224,11.76,99.97214558,-5.901942353,B,D,2525.8903763576664,-41.7,97,81,66,62,58,57
Gaia DR3 1464011693868471936,15.96,101.54419480449539,88.27969614974789,B,E,5293.806246691371,47,26,35,49,65,83,96
Gaia DR3 2005881810384205696,10.16,101.71513658555678,-1.15439478,B,D,4096.681687832855,-56.81,100,87,78,78,75,75
Gaia DR3 2001752628822403584,10.42,102.70217135486422,-3.715132042,B,D,3528.5815102328866,-73.086197,100,86,73,71,68,67
Gaia DR3 2199492854403570816,9.7,102.97159430754581,1.655030669757635,B,D,4038.7722132471727,71.83,100,100,100,100,100,100
Gaia DR3 2443923016620202496,17.4,102.9878107,-66.67462121,B,E,7220.216606498195,-143.8,87,69,54,38,20,6
Gaia DR3 1989589350152386048,12.2,103.01768837988018,-6.990180486,B,D,441.0532351254796,-32.07,99,84,69,63,60,59
Gaia DR3 1934938537001944960,6.42,103.10997629838575,-14.59000677,B2V,C,457.7287499427839,-11.3,97,79,65,51,46,44
Gaia DR3 2006317972898371456,11.03,103.21979200155153,0.036023014,B,D,3460.2076124567475,38.63,100,94,90,90,89,88
Gaia DR3 2007574714691774848,10.81,103.8680558182657,-0.654955148,B,D,12254.901960784313,-32.1805,100,94,87,87,86,86
Gaia DR3 1645460623171913856,19.895,105.09584375480209,44.73143426824759,B,E,1744.5917655268665,-227.8,100,100,100,100,100,100
Gaia DR3 2431645281373487488,17.3,105.1956822192507,-67.73432599,B,E,11123.470522803116,-171.9,88,69,55,38,21,6
Gaia DR3 2007440058871856768,9.23,107.13677772355072,-0.69731795,O,E,2640.612622128334,-61.8,100,100,100,100,100,100
Gaia DR3 2272048286680400896,12.14,107.31103495656319,16.697948089502653,B,E,297.93826719103805,-133.99,100,100,100,100,100,100
Gaia DR3 1465817366839487744,16.62,107.38395352017798,85.12916432275667,B,E,19920.31873,-105,29,36,50,66,84,97
Gaia DR3 2009058677419883776,12.04,108.79083193683992,-3.55356281,B,D,538.2131324004306,-42.88,100,96,87,85,84,83
Gaia DR3 2223283910899405056,11.57,109.66200154456122,10.689417339874304,B,D,901.5506671474938,-11.04,100,100,100,100,100,100
Gaia DR3 2212168230599744896,11.73,112.09185831249584,5.951266181660681,B,D,481.6027740319784,-13.48,100,100,100,100,100,100
Gaia DR3 2014210507873233024,11.419,112.39139507373613,0.5149085083422597,B,D,3386.3867253640365,-50.31,100,100,100,100,100,100
Gaia DR3 1994552957956073344,8.5,113.49181156932795,-6.930985134,B,E,1609.0104585679805,-20,100,96,83,76,74,73
Gaia DR3 1463975306905518080,14.43,113.86348984637782,88.78028340016282,B,E,9425.070688,-124,26,35,49,65,83,96
Gaia DR3 1465707381316798208,15.28,115.12499640721323,85.53322728438253,B,E,23752.969121140144,-16,29,37,50,66,84,97
Gaia DR3 2012979669025193088,12.08,116.33850882634871,0.14741139062047495,B,E,1604.363869725654,14,100,100,100,100,100,100
Gaia DR3 2377889337553800832,17.3,116.64619096095039,-72.65316878,B,E,4887.5855327468225,-117,87,71,55,39,22,7
Gaia DR3 2016472095906758016,12.12,117.14299486402062,2.3087120140563577,B,D,2637.130801687764,-28.605301,100,100,100,100,100,100
Gaia DR3 429420592715009920,11.26,117.4483683507214,-1.345564508,B,D,4262.574595055413,-78.22,100,100,100,100,100,100
Gaia DR3 431699845971334912,10.8,118.0301895313774,1.7680136696512558,B,D,2998.500749625187,0.400351,100,100,100,100,100,100
Gaia DR3 431417305843338880,9.82,119.04586241354279,0.8813148120797835,B,D,758.4376185058779,-57.73,100,100,100,100,100,100
Gaia DR3 391543482293469696,10.22,119.8217399126299,-13.43193472,B,D,2918.855808523059,-114.100998,100,95,80,64,56,55
Gaia DR3 527356876544834688,8.33,120.73984085581063,2.489682411,B,E,1057.641459545214,-8,100,100,100,100,100,100
Gaia DR3 430769040662018560,4.16,120.83615081297808,0.13508679206309418,BC0.7Ia,C,939.4964299135663,0.3,100,100,100,100,100,100
Gaia DR3 529653069142037632,11.71,121.20799760263685,5.860055623731473,B,D,1895.016107636915,-109.792999,100,100,100,100,100,100
Gaia DR3 523086235948329856,11.72,125.39537310427872,-0.025585602,B,D,3216.4683177870697,65.38,100,100,100,100,100,100
Gaia DR3 524733029488064000,12.94,125.9278902318399,1.6482451190186582,B,D,704.1261794113506,-13.24,100,100,100,100,100,100
Gaia DR3 510182126971871616,10.7,127.31833098271565,-2.540372201,B,C,3201.0243277848913,-27.8409,100,100,100,100,100,100
Gaia DR3 2783587996963390720,15.67,127.5621097413921,-47.0566357,B,E,16077.170418006432,-29,98,81,66,49,33,19
Gaia DR3 512479934470637312,9.44,127.92855318314362,0.9629369405486714,B,D,406.8182742768805,3.7,100,100,100,100,100,100
Gaia DR3 512141899063944192,10.07,128.5455406611757,1.7624007926882068,B,D,2850.6271379703535,-53.4,100,100,100,100,100,100
Gaia DR3 1544383038923660032,10.14,129.43877885752207,67.57238125256681,B,D,238.64639763262772,-19.87,55,58,65,80,97,100
Gaia DR3 506498969171802240,14.13,129.87106695034475,-2.89981673,B,D,2707.092582566324,-90.54,100,100,100,100,100,100
Gaia DR3 506621388616780544,12.38,130.1349713607249,-2.253182888,B,D,529.4647112,-14.75,100,100,100,100,100,100
Gaia DR3 518657643624494848,12.43,130.92621113836574,4.612523594720106,B,D,2683.123155352831,-175.826996,100,100,100,100,100,100
Gaia DR3 508419369310190976,11.57,131.44070012572044,-0.688456724,B,D,3700.962250185048,86.73,100,100,100,100,100,100
Gaia DR3 504561286085395712,8.92,132.90528861415325,-5.865626124,ON9.2V,C,2516.9896803423107,-41.5,100,100,98,85,78,77
Gaia DR3 507689598522111744,10.81,133.00264845198498,-0.03387464,B,D,2308.9355806972985,38.24,100,100,100,100,100,100
Gaia DR3 513678745738692480,11.08,133.5459060023276,1.3301941675748792,B,D,2331.0023310023307,-14.6331,100,100,100,100,100,100
Gaia DR3 514063299933845248,10.79,133.66716400588075,1.7969676085353072,B,D,883.3922261484099,-37.7696,100,100,100,100,100,100
Gaia DR3 458773395659086208,11.03,134.1095504097694,-2.542777715,B,D,2695.4177897574123,-21.788401,100,100,100,100,100,100
Gaia DR3 459169666521204864,10.69,134.15549311390473,-2.04169614,B,D,2319.647413593134,-42.469898,100,100,100,100,100,100
Gaia DR3 465375516296584960,11.55,134.36748888603546,-0.237644229,B,D,2220.2486678507994,-41.037201,100,100,100,100,100,100
Gaia DR3 458728384400453504,11.97,134.39943896930993,-2.552794543,B,D,2369.6682464454975,335.856995,100,100,100,100,100,100
Gaia DR3 458533839562362368,9.331,134.43707820069702,-3.97783151,B,D,2724.7956403269754,-63.314499,100,100,100,93,89,89
Gaia DR3 458531709258674304,9.1828,134.44423493297816,-4.078738178,B,D,2241.6498542927593,-60.705799,100,100,100,92,88,87
Gaia DR3 458568611620603904,10.1,134.45669547504565,-3.558350161,B,D,1011.8385105737125,-56.341499,100,100,100,98,98,98
Gaia DR3 465392627453343360,9.88,134.6690704205346,0.039485252,B,D,681.9421713038735,-13.4195,100,100,100,100,100,100
Gaia DR3 459097064392907264,12.63,134.71947018808876,-2.249858355,B,D,3536.0678925035363,-485.315002,100,100,100,100,100,100
Gaia DR3 458889222336467584,12.54,134.97515255022972,-2.519404727,B,D,2248.706993,-52.918098,100,100,100,100,100,100
Gaia DR3 458454606008605312,7.6934,135.01157850194383,-3.587292584,BC2Ib,C,2421.307506053269,-45.7,100,100,100,95,92,91
Gaia DR3 458310604343959552,10.794,135.01259081471116,-3.849175779,B,D,2344.6658851113716,-0.4,100,100,100,93,88,87
Gaia DR3 458310673063882240,10.6961,135.03467526368303,-3.825601832,B,D,3257.328990228013,-22.2416,100,100,100,93,88,87
Gaia DR3 459023839486023040,11.9,135.11569296563516,-1.711480048,B,D,213.27873397743514,6.41,100,100,100,100,100,100
Gaia DR3 458876921550275456,11.12,135.16441418021412,-2.715372417,B,D,2171.5526601520087,-370.273987,100,100,100,100,100,100
Gaia DR3 458452029026816256,10.04,135.1842020046972,-2.899941663,B,D,692.1373200442968,25.148899,100,100,100,100,100,100
Gaia DR3 458445122719520768,11.2,135.2512417,-3.099119513,B,D,2186.7483052700636,-45.048801,100,100,100,100,100,100
Gaia DR3 458437288699353856,10.7,135.28550345305146,-3.263341959,B,D,2504.3826696719257,437.247986,100,100,100,98,98,97
Gaia DR3 458385405493688832,11.18,135.38246166917708,-3.793622643,B,D,2654.632333421821,-39,100,100,100,92,87,87
Gaia DR3 458428286440421888,11.95,135.55620357948084,-3.175700627,B,D,2428.363283147159,549.346985,100,100,100,98,97,97
Gaia DR3 458047507522415872,11.61,135.89418206054555,-2.829682622,B,D,8424.599831508003,-59.2733,100,100,100,100,100,100
Gaia DR3 465619436087728256,11.65,135.90039660947164,1.2280531781493258,B,D,2985.0746268656717,-58,100,100,100,100,100,100
Gaia DR3 465579578793933696,10.17,135.96888574455593,0.713122139,B,D,2331.5458148752623,24.8832,100,100,100,100,100,100
Gaia DR3 458040365000838912,12,135.9766571595445,-3.042207351,B,D,2538.0710659898473,551.929993,100,100,100,98,96,95
Gaia DR3 458199721161278720,12.16,135.98972458789015,-1.952063959,B,D,2514.4581342720644,-35.994999,100,100,100,100,100,100
Gaia DR3 465721209632986880,11.18,136.07302047507685,1.686042741543053,B,D,3149.606299212598,-487.536011,100,100,100,100,100,100
Gaia DR3 457992330084893568,13.51,136.10883445045218,-3.051923291,B,D,2527.8058645096057,-796.103027,100,100,100,97,94,93
Gaia DR3 458173371547433344,10.49,136.15663352569908,-2.311839646,B,D,2324.500232450023,-15.0246,100,100,100,100,100,100
Gaia DR3 458009784832780544,11.22,136.37594756903312,-2.742380785,B,D,2461.8414574101425,-34.1903,100,100,100,100,100,100
Gaia DR3 464405678327966080,10.48,136.44658943096294,0.005812203,B,D,1018.5373803218579,-31.95,100,100,100,100,100,100
Gaia DR3 454270448865720192,10.78,137.59688323123277,-4.567709647,B,D,1530.221882172915,-77.210197,100,100,99,88,77,75
Gaia DR3 454219699530898048,10.82,137.82021900448729,-4.585521214,B_,E,1614.4656118824669,66.328102,100,100,99,88,77,75
Gaia DR3 464622900596697472,11.86,137.99230753133617,1.2609278698693374,B,D,625.7822277847309,18.02,100,100,100,100,100,100
Gaia DR3 466125108354725248,10.9,138.12728464845648,1.5619970205779716,B,D,1975.8940920766647,-2.43912,100,100,100,100,100,100
Gaia DR3 454303606011095552,10.88,139.10343816113763,-4.696464181,B,D,2546.473134708429,-48.9893,100,100,98,87,75,71
Gaia DR3 1514987458114098560,15.42,139.21773789565202,83.45061176412172,B,E,16556.291390728475,13,30,39,52,69,87,98
Gaia DR3 460466295662450560,9.5,140.05660095434075,0.26181433077365535,B,D,857.2653236176596,-48.726299,100,100,100,100,100,100
Gaia DR3 460408743101480960,9.69,140.32292169761865,0.030573214301813745,B,D,517.5983436853003,-33.604599,100,100,100,100,100,100
Gaia DR3 461964144038070528,12.1,140.46004252511045,1.1861819298624983,B_,E,1314.9243918474688,-37.31,100,100,100,100,100,100
Gaia DR3 339061352757048576,8.73,140.7778643369556,-18.20050941,ON8.5V,C,1482.3599169878446,-38.17,100,99,87,70,56,43
Gaia DR3 1514614036477152512,14.35,141.11437817694596,83.43000591702736,B,E,5552.470849528039,-18,31,39,53,69,87,98
Gaia DR3 1514874925675187328,15.25,141.1984001,82.86915839496112,B,E,8968.609865470851,17,31,39,53,69,87,98
Gaia DR3 460123939528014720,10.22,141.21339626827873,-0.498465334,B,D,773.7542556484061,0.079907,100,100,100,98,93,93
Gaia DR3 449478502306358016,10.34,142.5222043031325,0.7869095854165125,B,D,819.000819,4.74594,100,100,100,100,100,100
Gaia DR3 446214533322829952,10.44,142.96956582436118,-4.812003776,B,D,1696.6406515100102,-19.914,100,100,98,86,73,64
Gaia DR3 436867408876033024,9.29,143.4102772101983,-12.94285547,B,E,2294.6305644791187,-58,100,100,92,76,62,50
Gaia DR3 473853300710413056,10.88,143.74881799429684,5.787664418264906,B,D,117.27866583789744,-1.57,100,100,100,100,100,100
Gaia DR3 1513333036711679616,15.58,144.82924661244263,85.89843872627631,B,E,10515.247108307045,53.3,28,37,51,67,85,97
Gaia DR3 444853200487624832,9.92,145.90545022099317,-1.16140733,B,D,551.5111405250386,-28.694599,100,100,100,92,80,70
Gaia DR3 249641095728989696,9.89,148.99236267473003,-3.994662529,B,D,817.7283506419167,29.6481,100,100,98,87,74,61
Gaia DR3 251895541245212928,10.53,149.33365730602208,0.37412618130414727,B,D,751.3712525,-28.780001,100,100,100,94,81,69
Gaia DR3 241853151791243776,10.1,149.81615707335504,-9.391364318,B,D,1317.3494928204452,-24.36,99,100,95,81,67,54
Gaia DR3 275006446725290752,10.11,150.43446041655332,0.15096292058635263,B,D,916.5062780680048,-6.42621,100,100,100,93,80,67
Gaia DR3 277071917975525376,10.21,150.74336009543944,4.7820680624813905,B,D,4688.232536333802,51.46,100,100,100,98,89,78
Gaia DR3 274756587011687424,10.97,151.28314830053057,0.3181672317908898,B,D,1759.9436818021823,-11.8737,99,100,100,93,80,67
Gaia DR3 271890091475715712,10.01,151.54603811485944,1.415656726449009,B,D,1007.759750075582,-4.18,99,100,100,94,82,69
Gaia DR3 271477018695099776,10.3,152.2778871316123,0.2912086231653564,B,D,975.9906304899474,-4.961565333,99,100,100,92,79,67
Gaia DR3 1531338914005603200,15.46,152.99650967707154,78.75471877,B,E,13661.202185792348,-78.9,34,42,57,72,91,99
Gaia DR3 270542090219600128,10.77,153.61575531885262,-0.476935894,B,D,3118.1789834736514,67.73,98,100,100,91,78,65
Gaia DR3 257623515788574976,10.71,156.20588329728372,-0.169885672,B,D,1741.5534656913965,106.83,95,100,100,91,78,65
Gaia DR3 259727706163179520,10.85,156.83995021376793,6.025622472888018,B,D,233.53027720043906,20.26,95,100,100,97,86,74
Gaia DR3 229933651171740160,12.27,157.25531344022835,-9.590767036,B,D,448.1089801039613,4.64,93,100,96,81,68,54
Gaia DR3 257307784153151616,11.18,157.28485264732134,-0.29734477,B,D,1062.586335,4.27782,94,100,100,90,77,65
Gaia DR3 254424108748339072,11.11,157.5706858,0.7203489183126528,B,D,989.3153937475269,17.4561,93,100,100,91,78,66
Gaia DR3 254006122532102272,10.93,158.44691944589079,-0.50063817,B,D,179.3561115595014,-13.92,92,100,99,90,77,64
Gaia DR3 256197930243124992,9.57,158.49087023187857,3.964444196,B,D,1010.2030508132135,-28.447901,92,100,100,95,83,70
Gaia DR3 832821444622631040,9.05,158.627063,59.218558132393966,B,D,677.9201410073894,23.72,56,62,76,92,100,100
Gaia DR3 261529462124510208,11.7,159.20063516750187,5.963378521,B,D,736.1601884570082,8.08,92,100,100,97,85,72
Gaia DR3 254706373999886592,10.62,159.7385513259317,2.1152910566412717,B,D,4759.638267,89.93,91,99,100,92,80,67
Gaia DR3 228175463361195904,12.24,160.45104281352107,-4.987629649,B,D,476.0997905160921,-23.64,90,99,98,85,72,59
Gaia DR3 4015691071962818688,15.6,161.02955046565106,82.96696417521223,B,E,6724.949562878278,-159,30,39,54,70,88,98
Gaia DR3 180085062441898368,10.83,161.07126884780752,-5.19386343,B,D,1555.4518587649711,-1.48154,89,99,98,85,71,58
Gaia DR3 206640398557464704,10.54,161.55850828268206,2.405608574724916,B,D,2940.3116730373417,117.07,88,98,100,92,79,67
Gaia DR3 205861596428251008,11.03,161.6999728834443,2.045345454365507,B,D,21141.64904862579,81.72,88,98,100,92,79,66
Gaia DR3 205966569727998208,9.24,161.9010669837185,3.605569390347354,B,D,1613.1634134537828,-26.95,88,98,100,94,81,68
Gaia DR3 208615842996834560,10.49,163.44484758196526,3.8040997094059126,B,D,1037.9904504878555,20.12806489697074,86,98,100,93,81,68
Gaia DR3 170179867127141760,6.87,163.51996068535433,-14.6704344,B,E,271.06147674292527,26.5,88,98,93,77,63,50
Gaia DR3 173679204618093184,11.86,167.74177288357075,-8.683140751,B,D,270.0440171747995,15.8,84,96,96,82,69,55
Gaia DR3 8900825800310016,4.7,168.20591608519678,-42.41402939,B6III,C,136.59895911593154,10.2,87,91,77,61,46,32
Gaia DR3 2463372209084221440,15.37,168.4053276,-63.94788562,B,E,6839.945280437756,-74,86,80,66,49,33,19
Gaia DR3 187917223068585728,12.5,168.4503416711339,1.2898798197672998,B,E,3061.8493570116348,9.638327843,81,95,99,90,77,64
Gaia DR3 185985900829542272,10.85,169.11987481648853,-4.387794371,B,D,1740.6440382941687,-0.844845,82,95,98,85,72,59
Gaia DR3 767386312198060160,12.967,169.75826035630652,70.10639050308076,B,E,3913.8943248532287,131,38,49,64,80,97,100
Gaia DR3 161630172085534976,12.4,169.79934891679235,-6.378957883,B,D,462.7701420704336,13.3,81,95,97,84,70,58
Gaia DR3 934779226585532416,9.92,170.06638529992733,31.78954957533935,BN,E,952.8346831824678,-47.5952,68,82,95,100,100,95
Gaia DR3 4012429233280350720,14.05,171.6399542900032,84.21067951428384,B,E,6222.775357809583,-178,28,38,53,69,87,98
Gaia DR3 4028535394999615744,14.85,172.07040380771812,79.42027982083772,B,E,6459.948320413437,-62,31,42,56,72,91,99
Gaia DR3 3665501184671104,5.607,173.0831265127426,-45.38791654,B8V,C,136.26948653657473,11.8,84,89,76,60,45,30
Gaia DR3 154650163033872256,11.81,173.23391993660786,-11.74066742,B,D,275.22430781086587,-19.96,80,93,95,80,66,53
Gaia DR3 182635070426723840,11.24,173.38345337694864,-0.292516922,B,D,2020.6102242877348,-0.122914912,77,91,98,88,75,62
Gaia DR3 182642663928807296,12.571,173.61617165293788,-0.052214168,B_,E,2744.990392533626,-9.665309151,77,90,98,89,76,62
Gaia DR3 182592979747580160,10.68,173.72877666325078,0.012727445,B,D,2066.542674,17.3915,77,90,98,89,76,62
Gaia DR3 4011858999062121472,15.72,175.1401513424385,84.35623270459519,B,E,14326.647564469913,37,28,38,53,69,87,98
Gaia DR3 3454644235734067968,9.36,175.20924458373133,2.6409955562932597,B,D,1725.0301880282907,-5,75,89,98,90,77,65
Gaia DR3 4016404998606951808,14.98,175.6449238985367,80.50464107026379,B,E,6626.905235255135,95,30,41,55,71,90,99
Gaia DR3 146953066243274240,6.329,176.6162673111501,-14.03165521,B,E,259.6458430700524,23.2,78,91,93,79,64,51
Gaia DR3 3452666867147952512,12.12,177.75429534663624,8.384967774,B,D,488.4959210590591,-13.71,72,85,97,94,82,69
Gaia DR3 3444621186514814336,9.82,178.29663534090426,0.11859075973516003,B,D,1830.4960644334615,9.68,73,87,97,88,75,62
Gaia DR3 4016175406834595200,15.63,178.92885333920364,80.69007953394434,B,E,23255.813953488374,-88.4,29,41,55,71,90,99
Gaia DR3 3450436400435483008,11.84,179.25952633673919,5.5999930284243105,B,D,821.4227041,-28.25,71,85,97,92,79,66
Gaia DR3 3412508167016377600,9.05,179.57034240982404,-11.9345663,B,E,704.0270346381301,23.956301,76,89,94,80,66,53
Gaia DR3 913223644720384256,16.01,180.13596628355904,37.94554501271056,B,E,1610.3059581320451,233,56,71,85,99,100,93
Gaia DR3 3437919388265814400,11.41,180.31448846724544,4.604002323978898,B,D,3668.378576669112,51.0611,71,85,97,91,78,66
Gaia DR3 813174889821570432,16,181.10377843095853,47.98870249369545,B,E,7942.8117553613965,86,49,64,79,94,100,98
Gaia DR3 3443156259072709504,8.95,181.2890431393986,0.834752527,B,D,633.1919204710948,-2,71,85,96,88,75,62
Gaia DR3 3431031605050844672,9.43,181.73116068132498,0.4323695042533817,B,D,1258.970162407151,20,71,85,96,88,75,62
Gaia DR3 3408419426870077056,10.9,181.77250632308377,-14.56548641,B,D,182.19582407171228,17.3245,75,88,92,79,64,51
Gaia DR3 3431272428162579968,9.91,182.23085238161008,1.728627110860891,B,D,1190.4761904761906,4,70,85,96,89,76,63
Gaia DR3 919138811120012032,16.11,182.33406049799234,27.252273066654734,B,E,25125.628140703513,157.062,61,75,90,100,95,83
Gaia DR3 3430934641869760128,9.85,182.47808288604278,0.4537944159830141,B,D,1616.553507921112,-7.25,71,85,95,88,75,62
Gaia DR3 812325998125688960,15,182.48458274359632,44.08316862023711,B,E,17241.379310344826,158,51,66,80,96,100,96
Gaia DR3 3429219919126378112,9.02,182.9869449266061,-1.618123982,B,E,1217.137293,-17.1,71,85,95,86,73,60
Gaia DR3 3430624991907632384,9.8,183.33194611666073,0.2073720959668456,B,D,297.92939073439595,-22,70,84,95,88,75,62
Gaia DR3 800787138988547456,16.6,183.38682286260382,48.983860068127925,B,E,8271.298593879239,-247.2,47,63,77,93,100,98
Gaia DR3 3429890960518092416,10.31,183.68889953912117,1.096347837,B,D,5350.454788657035,59.33,69,84,95,88,75,62
Gaia DR3 4026798166627903616,15.85,184.4888596742683,79.11062569727308,B,E,9407.337723,-96.7,29,42,56,72,91,99
Gaia DR3 4026870596956481024,16.22,184.94202893381677,78.46108305200194,B,E,19342.35976789168,-72.56615,29,42,57,72,91,99
Gaia DR3 811243975604685312,17,185.55781608101654,46.35379946284119,B,E,13245.033112582783,71.6,48,63,78,94,100,96
Gaia DR3 802768630743019264,15,186.07136716085245,53.025627451883125,B,E,10405.827263267429,-127,43,59,74,90,100,98
Gaia DR3 3426200454038524928,11.6,186.38404107757856,1.2555953459703568,B,D,2164.5021645021643,18.94088732115047,68,82,94,88,75,62
Gaia DR3 4014496796176813952,16.52,187.90232167425316,80.22581445800289,B,E,9960.159363,-46.3,28,41,55,71,90,99
Gaia DR3 3422966201926810624,9.49,188.84192607976684,-1.22974874,B,D,1246.7273407305822,21.6,67,81,93,86,73,60
Gaia DR3 749816219464692608,17,189.27783394803635,58.875717535292594,B,E,5707.762557077625,38,38,55,69,85,99,99
Gaia DR3 3375240697132089728,11.91,189.6898590542415,0.084379987,B,D,527.7044854881267,-11.87,66,80,93,87,74,61
Gaia DR3 4013617736630269056,16.65,190.33397070531666,81.48719958159265,B,E,9074.410163339382,118.3,27,39,55,70,89,98
Gaia DR3 747396018278345088,16.3,191.33110318773038,53.61406726,B,E,4526.935264825713,-33,41,57,72,87,100,98
Gaia DR3 3381085735306815360,11.92,191.61293274389254,10.337559608200078,B,D,763.3587786259542,15.36,61,76,90,94,81,68
Gaia DR3 3379129360523597440,12.17,191.81367239007926,6.340984577084569,B,D,421.9765381044814,-29.52,63,77,91,91,78,65
Gaia DR3 3378744325293764608,12.19,192.50754726573007,10.092783891775372,B,D,1256.2814070351758,22.75,61,76,90,93,81,68
Gaia DR3 3372531195544215040,12.06,192.73141530510864,4.3502332602619465,B,D,3204.1012495994873,22.29,63,77,91,90,77,64
Gaia DR3 3346682158209073792,5.29,193.1739369589854,-7.330296105,B2IV-V,C,289.02569438423075,26.2,66,80,91,83,69,56
Gaia DR3 3346230980484591360,4.875,194.48822563105628,-7.573103541,B9V,C,86.21878879845497,19.71,65,79,90,82,69,56
Gaia DR3 745625667119067520,16.3,195.08788218835323,54.86768582575445,B,E,78740.15748031497,-56.9,39,55,70,86,99,98
Gaia DR3 5034715317553596032,14.28,195.28127848149722,-85.48733672,B,E,4805.3820278712155,-50,76,67,53,37,20,5
Gaia DR3 695654448480616448,14.79,197.58997523289307,43.50671858432288,B,D,1572.821642025794,289.5,44,60,75,91,99,90
Gaia DR3 696943999525168256,16.27,198.18911959545156,45.71969708343685,B,E,5847.953216374269,90.6,43,59,74,90,100,91
Gaia DR3 695498558347876736,15.19,198.2047626115268,44.958010753153694,B,D,8880.994671403198,106.4,43,60,74,90,100,91
Gaia DR3 3355606928453610752,10.66,199.0614640830389,2.3712923525206833,B,D,5073.566717402334,145.27,60,74,88,88,75,62
Gaia DR3 3329849043206545920,8.88,199.76622651729403,-4.41790282,B,E,2662.406815761449,50.8684,61,76,88,84,70,58
Gaia DR3 3330533424776014208,10.21,200.3591031879218,-1.335315162,B,D,1873.7118231216043,40.3,60,75,87,86,72,59
Gaia DR3 3327988020996424960,10.88,200.85238125110982,0.5509000347982962,B,D,1863.2383081796163,142.6,59,74,87,87,74,61
Gaia DR3 4022230417368440832,15.76,201.36562602376662,70.54095392448997,B,D,44052.86343612334,57.5,29,45,60,76,94,100
Gaia DR3 734481326496980352,16,201.60122434723445,60.719344379500555,B,D,18416.206261510128,17.1,34,51,65,81,97,98
Gaia DR3 4021902659824538112,13.71,203.41907807464185,72.28765077231219,B,E,1774.622892635315,15,28,44,59,75,93,100
Gaia DR3 3961845509354017408,14.45,204.0020563403208,88.94069675,B,E,6090.133982947625,-69,25,34,50,65,83,96
Gaia DR3 3217366877678587776,10.98,205.86682060753148,-17.08494219,B,D,1173.1581417175034,63.64,62,77,84,76,62,49
Gaia DR3 3131704751396097792,10.37,206.44975303343404,-1.476015407,B,D,1458.3637159107482,27.66484883917354,57,72,84,85,72,59
Gaia DR3 3131154205306549120,12.4,206.78660531092464,-3.351810739,B,D,935.8038555118846,3.91,57,72,84,84,70,58
Gaia DR3 3127142568413717504,13.95,208.5592705517004,-1.737371248,B,D,1993.2230416583616,-24.49004566,56,71,83,84,72,59
Gaia DR3 3127142671492931456,13.73,208.5595150119521,-1.733689704,B,D,1760.5633802816903,54.63417562478784,56,71,83,84,72,59
Gaia DR3 3127416965285738880,9.87,209.15296700945288,0.3158240412399622,B,D,2591.344908007256,67.79,55,70,83,85,73,60
Gaia DR3 3126967226370106240,10.68,209.25184563497032,-1.88054958,B,C,1748.2517482517485,-2,56,71,83,84,71,58
Gaia DR3 3120740692021227776,10.64,209.71655423055495,-4.14100889,B,D,1945.9038723487056,149.17,56,71,83,83,70,57
Gaia DR3 3120636551953159680,10.39,210.26381708595184,-2.30287742,B,D,4752.851711026617,173.95,55,70,83,83,71,58
Gaia DR3 3125518039984467328,10.81,211.93220758787567,-1.389443094,B,D,4033.884630899556,99,54,69,81,83,72,59
Gaia DR3 2990075524747206656,10.533,212.09197895930015,-25.60725727,B,D,335.0195986465208,15.83,61,77,78,71,57,43
Gaia DR3 2990075520450345856,10.23,212.10054073895472,-25.611189,B,E,308.0999476230089,15.15,61,77,78,71,57,43
Gaia DR3 5033596019012338944,14.81,212.269399,-84.40817678,B,E,7513.148009015778,-75,74,67,53,37,20,5
Gaia DR3 602082504263075840,13.03,214.55345819600836,29.411562425526146,B,E,5434.782608695652,42.49,42,59,73,88,91,78
Gaia DR3 3102522750724073856,10.32,217.19228968046988,-0.832571855,B,D,2115.0592216582063,46.1,51,66,79,81,72,59
Gaia DR3 3102461070694144256,11.33,217.38049127636322,-0.51920429,B,D,2644.1036488630357,83.2,51,66,79,81,72,59
Gaia DR3 3101685365238020224,10.48,217.87789887391688,-0.377948753,B,D,1942.5019425019423,67.9,50,65,79,81,72,59
Gaia DR3 4003370047740902400,14.59,218.04917118933307,81.16116280373127,B,E,8467.400508044031,52,24,38,53,69,87,98
Gaia DR3 3099540291073210880,11.2,218.55992843691442,-3.552640698,B,D,2353.4949399858792,76.232201,51,66,79,80,70,57
Gaia DR3 3053410693053042816,9.96,219.3842707664336,1.1200042156346544,B,D,2627.4303730951133,69,49,65,77,81,73,60
Gaia DR3 577294697514301440,19.84,227.33538160848104,31.33199831457147,B,E,5243.8384897745145,831.2,36,52,67,82,90,79
Gaia DR3 3028001872683957120,10.09,231.21610422393724,-0.338980129,B,D,606.7224851,47.82,43,59,71,74,71,58
Gaia DR3 3028372270667508224,11.73,231.34853681836387,1.7434097712110939,B,D,1056.859015007398,85.6,42,58,71,75,72,59
Gaia DR3 3843929591719194624,16.2,231.69252179542192,33.40450296500671,B,E,12376.237623762376,66,33,50,65,80,90,80
Gaia DR3 3859275333773935488,19.89,241.78229774001255,53.20209738,B,E,3286.230693394676,537.6,24,42,57,72,91,93
Gaia DR3 3864943938985725184,14.64,244.28808203477578,55.98330280313762,B,E,8361.204013377926,195.363007,23,41,55,72,90,94
Gaia DR3 3830584196322129920,18.76,244.63151275588856,44.38243395655751,B,E,6626.905235255135,626.8,25,42,57,73,90,87
Gaia DR3 5597869784449144192,11.9,246.17004347645667,1.9082452545950768,B,D,647.7942605428516,42.21,33,49,62,66,69,58
Gaia DR3 5591821504112322816,12.14,247.8454548891471,-6.199970423,O,D,559.5657769570813,48.88,34,50,60,61,63,52
Gaia DR3 5588916667415851776,11.85,247.95216645979693,-5.614377777,O,D,3685.9565057132327,127.2,34,50,60,61,64,53
Gaia DR3 3804790100211231104,20.16,251.64759234995222,50.64081860075266,B,E,1219.958521410272,578.7,21,39,54,70,88,90
Gaia DR3 3950102935623789952,17.48,252.8923373670296,77.23025934204848,B,E,45454.545454545456,0.00055,19,36,50,66,84,97
Gaia DR3 5543407297031681792,5.73,254.60456735766726,2.0305513147417464,B2V,C,435.1231398485772,24.7,26,44,56,59,64,58
Gaia DR3 4777097514079830912,10.48,261.47106746171085,-38.82228928,B,E,801.6032064128256,-2.99,31,29,28,28,26,12
Gaia DR3 5467163552975208192,20.05,262.05725670279804,23.04660878496485,B,E,1689.474573,351,18,36,51,65,73,73
Gaia DR3 5467163656055994240,19.98,262.0597952516601,23.050552691491685,B,E,4752.851711026617,394,18,36,51,65,73,73
Gaia DR3 5437044665320572416,10.74,263.49305034241564,10.144950220965727,B,D,635.4855109303508,-0.838117,18,36,51,58,63,62
Gaia DR3 5437033837701918464,11.14,263.64055134995925,10.735420869911751,B,D,726.3219058686809,22.606055,17,36,50,58,63,63
Gaia DR3 5437026076701742336,10.686,263.7390934441792,10.596740933016461,B,D,337.5755325254026,42.168565,17,36,50,58,63,63
Gaia DR3 5430970894363891456,11.09,263.8907345,9.855411700984753,B,D,416.40641265875496,0.296668,17,36,50,57,62,62
Gaia DR3 5436977796969926400,11.65,263.9475359529197,10.13533115929028,B,D,718.1328546,0.483957,17,36,50,57,62,62
Gaia DR3 5428323854487771392,5.541,263.9487321829961,2.9573543318439652,B5III,C,151.40045420136258,22.8,17,36,49,52,56,56
Gaia DR3 5436359807010887552,10.94,264.0263928431305,10.885232311499479,B,D,341.8102269619907,4.773,17,35,50,58,63,63
Gaia DR3 5436246969633575808,10.71,264.23240364379967,10.658371771177938,B,D,1063.1511800978099,28.243999,17,35,50,58,63,63
Gaia DR3 5331653142902187008,6.35,264.56020043594515,0.15044065028539036,B3V,C,443.75416019525187,22,17,35,47,48,53,52
Gaia DR3 5332125176988204928,6.08,264.8165973406331,1.959351020284963,B2Vnn(e),C,415.7312713062276,19,16,35,47,50,54,54
Gaia DR3 5436171068972028416,10.54,264.8899626750782,10.557088962110411,B,D,252.27679810287847,14.07,16,35,50,57,62,62
Gaia DR3 5435974977944486912,11.01,265.00752859479053,10.390105372722621,B,D,499.4506043352313,21.95,16,34,50,57,62,62
Gaia DR3 5331791505269378176,7.39,265.29906162490147,0.8490012341025571,B3/5V,D,474.94656851104247,20,16,34,47,48,53,53
Gaia DR3 5329291735538142848,12.03,265.8446289,-4.040961107,OB+,E,94.32627458378532,-2.39,15,34,42,42,46,46
Gaia DR3 3794074603484360704,19.33,266.51021153162975,55.919438777200256,B,E,2014.0986908358511,0.00155,15,34,49,65,83,93
Gaia DR3 3792831575525207680,14.8,271.6439643633548,56.418804693690355,B,E,8285.004143,-32,14,32,47,63,81,92
Gaia DR3 3893224580643753984,14.3,273.14336069194894,63.59130003898911,B,E,5841.121495327103,65.8,14,32,47,63,81,93
Gaia DR3 3794936865414912384,14.9,273.5746709560147,58.91940558946243,B,E,8278.145695364237,106,13,31,47,62,80,93
Gaia DR3 5407450004194424448,6.384,276.8950874044931,6.153115668461991,B3V,C,450.28818443804033,17,4,22,36,41,45,47
Gaia DR3 4661359346788463616,11.85,279.1400073969109,-35.16550335,BC2Ia,C,12499.999999999998,344,0,0,0,0,0,0
Gaia DR3 4657686561311817344,16.8,279.4284692826356,-31.72018418,B,E,73529.41176470589,270.1,0,0,0,0,0,0
Gaia DR3 4657691891381060864,15.24,279.4881330474484,-31.76772805,B,E,64516.12903225806,284,0,0,0,0,0,0
Gaia DR3 4658194570010159616,12.597,279.99076938552366,-33.52980129,O,D,529.4647112,34.872002,0,0,0,0,0,0
Gaia DR3 4657592523006591360,12.242,280.07251651018055,-31.41061343,BC1.5Iab,C,153846.15384615384,249.8,0,0,0,0,0,0
Gaia DR3 5363534238464876032,7.79,282.1405922599175,11.097204681559955,BN1Ib,C,2774.694783573807,2.9,2,19,34,44,48,50
Gaia DR3 5355362805509588608,11.69,283.1849017,1.6005800399694876,B,E,539.0835579514825,0.66,0,9,19,19,21,22
Gaia DR3 3907552385384126336,15.16,283.1941495212353,73.69722676406626,B,E,5425.9359739555075,0.0005,14,31,46,62,79,94
Gaia DR3 4695837248234659200,16.16,285.46470859719767,-46.81185123,B,E,10277.492291880782,204,0,0,0,0,0,0
Gaia DR3 5351449952863784448,11.77,285.780099,0.11315245690192179,B,D,2002.8039254956939,-5.65,0,0,0,0,0,0
Gaia DR3 3708104343359742848,19.49,285.85988593574945,67.38040860554625,B,E,1952.7436047646943,434.1,11,29,45,60,78,93
Gaia DR3 5350697745147495680,12.63,285.9078078091014,0.061660449,B,D,2644.1036488630357,-26.4,0,0,0,0,0,0
Gaia DR3 5350681669111404416,10.7,286.1943177914579,-0.208513207,B,D,846.5966813410091,-58.24,0,0,0,0,0,0
Gaia DR3 5350375695646899712,15.056,287.3041043148698,-0.601728322,B,E,2630.8866087871615,295,0,0,0,0,0,0
Gaia DR3 5350375970524912640,14.427,287.3189450050803,-0.568128143,B,E,2724.7956403269754,-5.62614,0,0,0,0,0,0
Gaia DR3 5350363631058143488,12.17,287.38938398651743,-0.620196694,B,E,2551.6713447307984,-11.64516,0,0,0,0,0,0
Gaia DR3 5350363463580099968,13.197,287.40082975442607,-0.599829304,B,E,2420.7213749697407,20,0,0,0,0,0,0
Gaia DR3 5350363910262006784,12.852,287.40783578824977,-0.571545817,B,E,2553.6261491317673,80,0,0,0,0,0,0
Gaia DR3 5350363910256909568,13.439,287.41690756955865,-0.579489303,B,E,2547.1217524197655,22.25603,0,0,0,0,0,0
Gaia DR3 5350363154342557568,13.23,287.4239584116514,-0.57227786,B,E,2457.002457002457,123.63,0,0,0,0,0,0
Gaia DR3 5350362497181876608,12.24,287.4321910435906,-0.639605976,B,E,2646.9031233456853,-12.76006,0,0,0,0,0,0
Gaia DR3 5350386759484114560,13.486,287.4364172690116,-0.520509764,B,E,2558.853634,-2.03844,0,0,0,0,0,0
Gaia DR3 5350363119982842240,13.562,287.44365812053974,-0.568600717,B,E,2601.456815816857,300,0,0,0,0,0,0
Gaia DR3 5350363115657162752,12.921,287.44485350813926,-0.573878071,B,E,2664.535038635758,373.53253,0,0,0,0,0,0
Gaia DR3 5350386965642574592,12.301,287.45547669992555,-0.507494207,B,E,2300.966405890474,-15.23,0,0,0,0,0,0
Gaia DR3 5350362432787875072,12.667,287.4577214701104,-0.638353563,B,E,2651.113467656416,0.014,0,0,0,0,0,0
Gaia DR3 5350362776385363200,13.224,287.46812928467716,-0.603355607,B,E,2392.3444976076557,-2.09039,0,0,0,0,0,0
Gaia DR3 5350386347167197824,13.253,287.4761657472728,-0.555013042,B,E,2482.0054604120132,-6.54475,0,0,0,0,0,0
Gaia DR3 5350360336843684864,16.469,287.47863301156065,-0.72559551,B,E,6761.325219743069,50.38196,0,0,0,0,0,0
Gaia DR3 5350386445924577792,16.265,287.4803176199882,-0.545023845,B,E,3181.6735602927133,-24.04068,0,0,0,0,0,0
Gaia DR3 5350360061965773312,15.344,287.5162255888122,-0.736175388,B,E,2381.5194093831865,-5.58562,0,0,0,0,0,0
Gaia DR3 5350383770186937856,13.239,287.5174742569823,-0.502484473,B,E,2498.750624687656,-6.37627,0,0,0,0,0,0
Gaia DR3 5350357519345544064,14.402,287.52060122806466,-0.714928054,B,E,2664.535038635758,-44.84,0,0,0,0,0,0
Gaia DR3 5350383216105099008,13.597,287.5233402959301,-0.549810576,B,E,2393.4897079942557,170,0,0,0,0,0,0
Gaia DR3 5350357107028274432,15.198,287.52600328391947,-0.737370631,B,E,2544.529262086514,-13.78495,0,0,0,0,0,0
Gaia DR3 5350357484985452288,13.54,287.53139548369916,-0.703013438,B,E,2574.6652935118436,40,0,0,0,0,0,0
Gaia DR3 5350384629180484224,12.057,287.53339964279184,-0.453297365,B,E,2621.9192448872573,-16.86331,0,0,0,0,0,0
Gaia DR3 5350383564028470144,15.109,287.5397093729906,-0.528318477,B,E,3629.764065335753,-6.33449,0,0,0,0,0,0
Gaia DR3 5350384560461013120,14.015,287.54937440083705,-0.453041891,B,E,2695.4177897574123,-4.87,0,0,0,0,0,0
Gaia DR3 5350359409131005056,13.487,287.5527114853143,-0.620136342,B,E,2695.4177897574123,277.40793,0,0,0,0,0,0
Gaia DR3 5350356866510117632,15.181,287.56066448353425,-0.736637123,B,E,2375.8612497030176,-9.2613,0,0,0,0,0,0
Gaia DR3 5350358648895641856,14.776,287.5633959342697,-0.618256053,B,E,6877.579092159559,392.07043,0,0,0,0,0,0
Gaia DR3 5350358751974862848,13.332,287.56579144573624,-0.604707323,B,E,2787.8449958182323,40,0,0,0,0,0,0
Gaia DR3 5350358653216770048,13.187,287.5761381338061,-0.621060355,B,E,2520.1612903225805,-27.64281,0,0,0,0,0,0
Gaia DR3 5350358687561572992,13.283,287.58293257633716,-0.618321823,B,E,2704.164413196322,-16.19441,0,0,0,0,0,0
Gaia DR3 5350382189638824192,12.621,287.5880629,-0.59123611,B,E,2620.545073375262,-20.51786,0,0,0,0,0,0
Gaia DR3 5350382189638820352,12.795,287.58901023258187,-0.594997857,B,E,2387.204583,-15,0,0,0,0,0,0
Gaia DR3 5350356656026369280,12.66,287.58959280667005,-0.770595389,B,E,1722.0595832615809,2.86741,0,0,0,0,0,0
Gaia DR3 5350358034741345024,12.851,287.59137226597346,-0.673059105,B,E,2476.4735017335315,78.17318,0,0,0,0,0,0
Gaia DR3 5350381983480398336,12.828,287.5986155016907,-0.591636467,B,E,2554.9310168625443,-9.92872,0,0,0,0,0,0
Gaia DR3 5350382120919390592,16.272,287.6029318094801,-0.575498157,B,E,4420.866489832007,39.63214,0,0,0,0,0,0
Gaia DR3 5350358343979096704,12.392,287.61759187976713,-0.640480095,B,E,2546.473134708429,70,0,0,0,0,0,0
Gaia DR3 5350355766998496768,16.203,287.6214034496745,-0.743864219,B,E,9842.519685039371,139.32066,0,0,0,0,0,0
Gaia DR3 5350358412698650496,13.851,287.6243484856197,-0.61673035,B,E,2519.5263290501384,25,0,0,0,0,0,0
Gaia DR3 5350358412698771200,13.595,287.62448858271335,-0.620059537,B,E,2510.6703489831784,-6.26861,0,0,0,0,0,0
Gaia DR3 5350335597829594240,13.015,287.63271115971935,-0.527544698,B,E,2490.660025,275,0,0,0,0,0,0
Gaia DR3 5350357897287122176,14.167,287.63453399680463,-0.656043962,B,E,2358.490566037736,265,0,0,0,0,0,0
Gaia DR3 5350335597829590400,13.243,287.63486384926284,-0.534266678,B,E,2307.3373327180434,-2.03744,0,0,0,0,0,0
Gaia DR3 5350311374212230912,17.127,287.64432386332186,-0.635775235,B,E,13755.158184319118,139.99925,0,0,0,0,0,0
Gaia DR3 5350311477291450880,13.382,287.6464425649079,-0.630822739,B,E,2439.6194193705783,-5.91,0,0,0,0,0,0
Gaia DR3 5350334910634790144,12.671,287.6497288564494,-0.604590054,B,E,2489.4199651481204,296.75336,0,0,0,0,0,0
Gaia DR3 5350310893175878272,13.599,287.66187309837267,-0.664895102,B,E,2557.544757033248,2.35,0,0,0,0,0,0
Gaia DR3 5350311442931718400,13.068,287.6626348797691,-0.623725622,B,E,2549.069589599796,-18.03,0,0,0,0,0,0
Gaia DR3 5350310721377468544,17.504,287.66837028023014,-0.704030831,B,E,3390.979993,0.61892,0,0,0,0,0,0
Gaia DR3 5350334704476358016,13.798,287.67054083266726,-0.613250415,B,E,2541.942043721403,45,0,0,0,0,0,0
Gaia DR3 5350311202413541760,13.048,287.68497933359595,-0.641336518,B,E,2260.397830018083,4.7363,0,0,0,0,0,0
Gaia DR3 5350310991934339584,16.789,287.69159756287894,-0.662982541,B,E,2384.3586075345734,104.43183,0,0,0,0,0,0
Gaia DR3 5350310583938228352,15.084,287.7047773728733,-0.685071282,O,E,2871.0881424059717,332.8553,0,0,0,0,0,0
Gaia DR3 5338135348115608960,9.94,289.23121984952525,-0.398421446,B,E,2406.159769008662,1.11,0,0,0,0,0,0
Gaia DR3 5241813353514922112,10.6,290.46042122653694,-1.812717777,B,E,553.3728072602513,54,0,0,0,0,0,0
Gaia DR3 5337280168573190912,11.62,290.5537157579105,-0.954307025,B,D,2124.0441801189463,-24,0,0,0,0,0,0
Gaia DR3 5337279240860653952,11.16,290.5929502601471,-0.863264755,B,D,681.7562039814562,15,0,0,0,0,0,0
Gaia DR3 5337154132716327040,12.19,290.9439283239007,-1.397141302,B,D,2172.0243266724588,-52,0,0,0,0,0,0
Gaia DR3 5337637578575378560,11.9,291.0206544371908,-0.19097994,B,D,562.4929688378895,-13.35,0,0,0,0,0,0
Gaia DR3 5337250653555606272,11.284,291.0929373960605,-0.561269018,O,D,1267.2665061462426,30,0,0,0,0,0,0
Gaia DR3 3693521108324551680,15,291.42075946564324,58.95059699408863,B,E,7241.129616220131,69,7,26,42,57,75,90
Gaia DR3 3696376711820481920,16.6,291.7763856482796,61.80717369,B,E,5540.166205,130.5,8,27,42,58,76,90
Gaia DR3 4625738124924237312,15.89,293.37323930386793,-34.93178366,B,E,11520.737327188941,432,0,0,0,0,0,0
Gaia DR3 4644601277690498432,13.44,293.7226697096948,-43.32845477,B,E,4038.7722132471727,178.980574,0,0,0,0,0,0
Gaia DR3 5334209507468974336,10.62,294.0348268953062,-0.013036809,B,D,1988.8623707239456,-19.14,0,0,0,0,0,0
Gaia DR3 5334207858187584384,10.511,294.0569914609654,-0.056026523,B,D,2038.7359836901123,-14.13,0,0,0,0,0,0
Gaia DR3 5334207823842022272,12.364,294.05959265119304,-0.065794881,B,D,2033.3468889792598,-5.986,0,0,0,0,0,0
Gaia DR3 5334206999208223872,12.145,294.0991237044693,-0.130456204,B,D,2191.060473269062,-18.88,0,0,0,0,0,0
Gaia DR3 5334208541064594688,11.3,294.1068236016754,-0.010429051,B,D,2191.5406530791147,-14.14,0,0,0,0,0,0
Gaia DR3 5334208506704859264,11.07,294.1185169893503,-0.023605018,B,D,13850.415512465373,-26.68,0,0,0,0,0,0
Gaia DR3 5334208854634317312,12.68,294.1193821,0.021356648,B,D,2386.634844868735,-13.93,0,0,0,0,0,0
Gaia DR3 5334208197467218944,11.377,294.13680818494214,-0.044202825,B,D,2226.179875333927,-30.74,0,0,0,0,0,0
Gaia DR3 5335710065987168512,10.959,294.1461873055018,0.036002339,B,D,2020.2020202020203,-17.37,0,0,0,0,0,0
Gaia DR3 5334161884867028992,11.385,294.15215893568006,0.020516674098674192,B,D,2300.4370830457788,-15.01,0,0,0,0,0,0
Gaia DR3 5334161884867028864,11.467,294.1570092575872,0.018418131799490572,B,D,2101.281781886951,-5.51,0,0,0,0,0,0
Gaia DR3 5334206616920791424,12.433,294.1627611922757,-0.073879416,B,D,2055.498458376156,-22.31,0,0,0,0,0,0
Gaia DR3 5334161163312488832,12.621,294.1686954,-0.062276944,B,D,2261.4201718679333,-19.582,0,0,0,0,0,0
Gaia DR3 5334161777460679296,10.977,294.1832963932706,-0.008024524,B,E,2035.4162426216162,-18.09,0,0,0,0,0,0
Gaia DR3 5334161227704872448,12.388,294.18776502465727,-0.046321791,B,D,2345.215759849906,-17.071,0,0,0,0,0,0
Gaia DR3 5334161124625660160,11.89,294.2000610501593,-0.069437814,B,D,2257.3363431151242,-16.3,0,0,0,0,0,0
Gaia DR3 5334161571302251008,10.894,294.2048939714977,-0.010087553,B,D,10111.223458038423,-15.02,0,0,0,0,0,0
Gaia DR3 5334755930419293184,8.95,295.8937658577056,0.24164652911495504,B,E,2502.5025025025025,1.81673,0,0,0,0,0,0
Gaia DR3 4638686661047844736,13.92,295.99121005474694,-43.46079455,B,E,4593.477262287552,129.229004,0,0,0,0,0,0
Gaia DR3 6072058878595295488,9.27,296.50757890999165,4.016675539007335,OC9.7Iab,C,5104.645227156713,-22,0,0,0,0,0,0
Gaia DR3 4638275886080564224,13.32,297.5000522837111,-42.3660227,B,E,3300.3300330033003,43.962427,0,0,0,0,0,0
Gaia DR3 4637897344841425536,11.86,300.5864445971151,-41.54005529,B,E,1721.763085399449,157.677994,0,0,0,0,0,0
Gaia DR3 3702918256249531904,11.44,301.31219567614966,65.45279117344516,B,E,744.1583569,15.08,8,25,41,57,74,89
Gaia DR3 3681902770815937664,18.67,301.74991888774923,59.489285784116696,B,E,18214.936247723133,153.8,5,24,39,55,72,87
Gaia DR3 6056534942662447872,9.58,301.80086783998996,2.199065544126841,ON7V,C,2146.844139,-19,0,0,0,0,0,0
Gaia DR3 6055311804660689536,11.47,302.8998195330334,0.8416957953518657,B,E,200.81531015924654,-9.82,0,0,0,0,0,0
Gaia DR3 4688982205593334016,14.95,303.0680402982135,-44.55073577,B,E,32573.28990228013,128,0,0,0,0,0,0
Gaia DR3 6180239067411378560,11.41,306.1876797,29.90518359446615,B,E,8718.395815,22.711483,0,11,27,42,59,70
Gaia DR3 6180256006761614976,12.81,306.65940150127324,30.003290270545932,B,E,9041.591320072332,-31.09888,0,11,27,42,58,70
Gaia DR3 3689336710665945600,16.2,308.2525289386104,62.65915092671142,B,E,11061.946902654869,149,6,23,39,55,72,86
Gaia DR3 4919826355431065984,13.81,309.3805727146199,-61.0863378,B,E,2222.716159146477,157,22,21,19,8,0,0
Gaia DR3 5853581485795684992,9.5,311.0154324618518,-2.797913082,ON9.2Iab,C,3401.360544217687,-12,0,0,0,0,0,0
Gaia DR3 5852519735511027328,11.43,311.22473345151127,-4.107529726,O,E,3310.162198,54.89,0,0,0,0,0,0
Gaia DR3 6367469439307095936,12.78,320.33410203418316,-28.88832593,O,E,6993.006993006994,19524,0,0,0,0,0,0
Gaia DR3 3711485719572315520,15.6,323.9904068100511,63.18909118326557,B,E,5549.389567147614,182,7,20,36,52,68,83
Gaia DR3 6105713692544123520,4,325.90182042676935,20.099427113321596,B2.5V,C,99.66214532734033,2.6,0,0,12,29,43,57
Gaia DR3 3637493942847230592,15.8,325.9512215774067,58.77170854,B,E,10515.247108307045,219,6,18,34,50,66,81
Gaia DR3 6003314456673154048,4.806,327.8284780745952,11.42939002302423,B3IV/V,D,138.17307559448966,13.5,0,0,5,20,35,48
Gaia DR3 6198599507144514432,5.015,327.9275017,19.105727085563494,B7IIIp,C,143.58738728390097,6.1,1,0,11,28,42,55
Gaia DR3 5932570744805867776,9.04,329.74330289573237,-2.168914585,BN2.5III,C,1974.7235387045816,-44.8,0,0,0,3,14,26
Gaia DR3 5981405995989333888,12.45,330.3581333496465,0.2940427686933323,B,D,2352.9411764705883,-51.07,0,0,0,7,20,33
Gaia DR3 5935457443744933376,10.35,334.31512582521043,0.4442257386330607,B,D,814.3322475570033,-7.25,2,0,0,8,21,34
Gaia DR3 3938492535215611136,17.19,335.6831447711405,78.85114805528838,B,E,29673.59050445104,38,17,27,42,58,76,91
Gaia DR3 6281874043928061440,15.59,336.72421657276965,36.53150446,B,E,6060.606060606061,-109,7,5,20,37,52,66
Gaia DR3 6208066474060063616,12.06,336.9437366677156,22.044545195842183,B,E,236.60238968413586,301.84,7,0,12,28,42,56
Gaia DR3 6014848745955612672,4.721,338.4815584527311,16.08432807109307,B5V,C,129.0472441961002,3.9,7,0,7,23,37,51
Gaia DR3 5997906921059778688,4.89,339.11964140775575,10.42666229605642,B5/7III/IV,E,134.27144314947097,-1.9,8,0,4,19,32,45
Gaia DR3 3659380928683942272,15.2,339.3117247177308,56.31868164721927,B,E,12562.814070351757,-129,9,15,30,46,62,77
Gaia DR3 5950908193476521856,6.98,341.0616166111396,-4.219086208,OC9.7Ib,C,1258.811681772407,-23,10,0,0,5,17,30
Gaia DR3 3660219546818136064,15.9,341.63778883078925,57.47986809,B,E,7027.406886858748,156,10,16,31,47,63,77
Gaia DR3 5968351361342059264,5.628,343.0819422209052,3.1780615913601764,B3V,C,173.81026871067544,11.8,12,1,1,13,25,38
Gaia DR3 3653844986421632512,16.6,343.35669746948656,55.60225890693532,B,E,11223.34455667789,-20.7,10,14,30,45,61,76
Gaia DR3 5966450786728068736,6.27,343.36182713011783,0.8883511530167562,OC9.2Ia,C,1624.6953696181965,-24,12,1,0,10,23,36
Gaia DR3 3653846571265218432,15.6,343.40048018653334,55.62222546729356,B,E,11904.761904761903,28,10,14,30,45,61,76
Gaia DR3 5966509748041919616,6.45,343.4487442643611,1.1648490923593042,OC9Iab,C,1547.269070091289,-22.2,12,1,0,10,23,37
Gaia DR3 5966521872728026624,11.718,343.4742602,1.2477131096735858,B,E,1717.622810030917,42.57,12,1,0,10,23,37
Gaia DR3 3653623026807270912,16,343.7428160374421,55.08166809,B,E,11587.485515643106,58,10,14,29,45,61,75
Gaia DR3 3666050738016763904,15.4,344.0070754836578,56.95239015160621,B,E,5063.291139240506,61,11,15,30,46,62,77
Gaia DR3 3643331357453251712,15.6,344.16951930165715,52.11770946496877,B,E,8944.543828,35,11,13,27,44,60,74
Gaia DR3 5953243727980065792,5.108,344.8610687198066,-4.619159781,B5/6III,D,215.2806182859357,13,15,3,0,5,18,31
Gaia DR3 6023633156682206720,4.23,345.9414915164185,9.218362629886398,B2III-IV,C,182.4118494737418,0.8,14,2,3,18,31,44
Gaia DR3 5971244451311982336,3.542,346.19651176506426,3.8619721897600847,B2IV,C,176.57861279841785,1.3,15,3,1,13,27,39
Gaia DR3 6042226413691523712,4.568,348.11659517789036,16.835391707979543,B2V,C,147.38827968399954,36.93,15,3,7,23,37,50
Gaia DR3 6236109243250504576,5.43,348.11917983403714,21.19651030546783,B5V,C,142.7551748750892,-14.86197,15,2,10,25,40,54
Gaia DR3 6709267613942522496,3.463,348.66523377748837,-15.18439884,B3IV,E,85.69274011105779,-0.2,21,8,0,0,8,20
Gaia DR3 3650059780204726912,16.09,349.73882327140547,52.231388605275214,B,E,11750.881316098708,75,12,13,27,43,59,73
Gaia DR3 6241992180213281920,6.33,349.99364267845453,19.968964104805213,B8IV/V,D,159.7903550541689,-9.6741,16,3,9,25,39,52
Gaia DR3 6049497999479270272,6.05,350.3867676292943,18.117879841499647,B8V,C,147.44695595759424,-8.4,16,4,7,23,37,51
Gaia DR3 6246914247094934272,5.027,350.72428449740454,25.380109606294024,B3V,C,135.3473011748146,-2,15,4,12,28,42,56
Gaia DR3 6242058872466158848,5.88,350.73407005248544,20.36827614789919,B9V,C,154.41153763009171,-16,16,4,9,25,39,53
Gaia DR3 3651422006391435264,16.42,351.6654564774876,51.79810013091852,B,E,8110.300081,118,13,13,27,42,59,73
Gaia DR3 6050172068822858624,7.04,352.79830781577266,18.243736189967468,B6.5V,C,138.03003533568904,-3,18,5,7,23,37,51
Gaia DR3 6049140417677195136,7.9,352.85734800179534,17.04357755136001,B2V,C,136.35681852271023,-3.3,18,5,7,23,37,50
Gaia DR3 6046050824364599936,4.79,353.0981891844801,15.795938507127318,B2.5V,C,125.94141205511197,0,19,5,6,22,36,49
Gaia DR3 3655531744633545344,15.3,354.0553430043621,53.762894400623246,B,E,10548.523206751055,-34.7,14,15,27,43,60,74
Gaia DR3 6245698187231874816,6.6,354.6137280744839,22.71075871158245,B8V,C,137.72587042750112,-9.7243,19,5,10,26,40,54
Gaia DR3 6263223955904774656,4.87,356.3866860108639,28.631656623845466,B5IIIp_sh,C,139.78194017332962,-25.01,19,6,13,29,44,58
Gaia DR3 4323764712422936704,4.43,357.9328090303813,20.676600593372736,B2Vne,C,152.9005229197884,-19,21,7,9,25,39,52
Gaia DR3 6733635914056263296,4.87,359.80246880310614,-14.07898056,B2V,C,146.1112491050686,3.9,31,17,4,2,14,26
